,Rk,Tm,G,PA,Yds,Ply,Y/P,TO,FL,1stD,Cmp,Att,Yds,TD,Int,NY/A,1stD,Att,Yds,TD,Y/A,1stD,Pen,Yds,1stPy,Sc%,TO%,EXP,
0,1,Seattle Seahawks,16,245,4899,968,5.1,31,13,295,327,564,3250,15,18,5.4,186,368,1649,8,4.5,80,102,902,29,27.2,16.0,133.75,2012
1,2,San Francisco 49ers,16,273,4710,1012,4.7,25,11,284,337,567,3203,19,14,5.3,178,407,1507,7,3.7,72,93,758,34,26.7,12.8,114.89,2012
2,3,Chicago Bears,16,277,5050,1021,4.9,44,20,286,350,592,3423,19,24,5.4,186,388,1627,6,4.2,75,78,704,25,25.1,20.5,206.62,2012
3,4,Denver Broncos,16,289,4652,1015,4.6,24,8,287,321,559,3194,25,16,5.2,183,404,1458,5,3.6,73,123,951,31,26.9,11.9,140.44,2012
4,5,Atlanta Falcons,16,299,5849,991,5.9,31,11,298,337,551,3878,14,20,6.7,189,411,1971,16,4.8,99,83,641,10,31.7,17.2,40.76,2012
5,6,Pittsburgh Steelers,16,314,4413,951,4.6,20,10,273,299,523,2963,19,10,5.3,169,391,1450,9,3.7,78,100,882,26,30.8,10.4,62.83,2012
6,7,Miami Dolphins,16,317,5708,1073,5.3,16,6,320,353,600,3974,18,10,6.2,215,431,1734,10,4.0,79,121,1045,26,32.2,8.2,134.88,2012
7,8,Cincinnati Bengals,16,320,5115,1034,4.9,30,16,307,346,560,3400,16,14,5.6,183,423,1715,13,4.1,99,90,779,25,29.3,14.1,192.22,2012
8,9,Houston Texans,16,331,5172,1015,5.1,29,14,292,308,581,3612,29,15,5.8,167,390,1560,5,4.0,94,90,863,31,28.0,14.5,124.55,2012
9,10,New England Patriots,16,331,5972,1046,5.7,41,21,340,369,594,4342,27,20,6.9,207,415,1630,10,3.9,100,101,932,33,30.1,20.4,83.26,2012
10,11,Green Bay Packers,16,336,5388,1033,5.2,23,5,308,313,568,3492,24,18,5.7,191,418,1896,12,4.5,83,123,1055,34,33.2,11.8,81.27,2012
11,12,Baltimore Ravens,16,344,5615,1086,5.2,25,12,326,335,557,3650,15,13,6.1,187,492,1965,15,4.0,105,107,929,34,34.9,12.0,132.17,2012
12,13,New York Giants,16,344,6134,1016,6.0,35,14,317,341,534,4068,26,21,7.2,196,449,2066,9,4.6,104,102,900,17,35.4,17.1,64.81,2012
13,14,Minnesota Vikings,16,348,5600,1083,5.2,22,12,345,391,612,3908,28,10,6.0,229,427,1692,10,4.0,82,111,949,34,33.7,11.8,56.23,2012
14,15,St. Louis Rams,16,348,5482,1041,5.3,21,4,327,362,547,3602,16,17,6.0,197,442,1880,18,4.3,107,90,758,23,34.6,10.8,85.63,2012
15,16,San Diego Chargers,16,350,5223,1012,5.2,28,14,316,347,568,3681,28,14,6.1,201,406,1542,10,3.8,85,102,798,30,31.3,13.7,106.5,2012
16,17,Arizona Cardinals,16,357,5405,1041,5.2,33,11,288,270,497,3213,20,22,6.0,160,506,2192,12,4.3,107,100,810,21,27.0,14.2,169.34,2012
17,18,Carolina Panthers,16,363,5329,1010,5.3,23,12,326,371,555,3568,22,11,6.0,196,416,1761,11,4.2,98,86,711,32,38.6,11.9,40.88,2012
18,19,Cleveland Browns,16,368,5821,1095,5.3,29,12,345,378,600,3923,27,17,6.1,203,457,1898,14,4.2,104,120,1008,38,30.7,14.6,83.87,2012
19,20,New York Jets,16,375,5174,1019,5.1,23,12,293,266,494,3036,20,11,5.8,161,495,2138,17,4.3,96,109,805,36,30.6,11.4,84.02,2012
20,21,Indianapolis Colts,16,387,5988,995,6.0,15,3,325,334,535,3788,23,12,6.7,190,428,2200,14,5.1,102,128,1208,33,38.3,8.3,-40.83,2012
21,22,Washington Redskins,16,388,6043,1031,5.9,31,10,340,393,636,4511,31,21,6.8,223,363,1532,11,4.2,89,100,811,28,38.3,16.9,67.07,2012
22,23,Tampa Bay Buccaneers,16,394,6078,1031,5.9,26,8,329,410,627,4758,30,18,7.3,226,377,1320,13,3.5,75,103,851,28,32.8,12.5,18.91,2012
23,24,Dallas Cowboys,16,400,5687,986,5.8,16,9,317,320,511,3684,22,7,6.8,195,441,2003,17,4.5,92,89,726,30,38.9,8.0,41.54,2012
24,25,Kansas City Chiefs,16,425,5704,973,5.9,13,6,301,279,464,3533,29,7,7.2,176,482,2171,11,4.5,106,81,670,19,40.4,6.2,-16.83,2012
25,26,Buffalo Bills,16,435,5806,1042,5.6,21,9,349,306,536,3473,25,12,6.1,182,470,2333,23,5.0,136,80,693,31,37.1,10.8,-27.22,2012
26,27,Detroit Lions,16,437,5458,998,5.5,17,6,305,346,544,3569,26,11,6.2,167,420,1889,13,4.5,107,93,789,31,36.8,8.4,34.54,2012
27,28,Oakland Raiders,16,443,5672,995,5.7,19,8,304,347,526,3775,28,11,6.9,180,444,1897,18,4.3,95,101,925,29,41.2,9.1,6.5,2012
28,29,Philadelphia Eagles,16,444,5491,994,5.5,13,5,317,292,485,3470,33,8,6.7,178,479,2021,11,4.2,108,118,996,31,39.0,6.6,6.57,2012
29,30,Jacksonville Jaguars,16,444,6088,1100,5.5,23,11,364,341,535,3832,21,12,6.9,194,545,2256,19,4.1,133,101,820,37,39.8,11.0,-18.48,2012
30,31,New Orleans Saints,16,454,7042,1089,6.5,26,11,380,370,602,4681,31,15,7.4,236,457,2361,18,5.2,116,102,835,28,39.6,13.0,-24.2,2012
31,32,Tennessee Titans,16,471,5999,1086,5.5,24,5,358,374,564,3964,31,19,6.6,210,483,2035,16,4.2,122,86,717,26,39.8,12.6,22.2,2012
0,1,Seattle Seahawks,16,231,4378,990,4.4,39,11,282,309,524,2752,16,28,4.8,156,422,1626,4,3.9,83,98,879,43,24.7,19.4,129.49,2013
1,2,Carolina Panthers,16,241,4820,975,4.9,30,10,278,375,563,3429,17,20,5.5,178,352,1391,4,4.0,70,84,753,30,28.7,16.3,61.39,2013
2,3,San Francisco 49ers,16,272,5071,1020,5.0,30,12,284,345,585,3536,19,18,5.7,181,397,1535,11,3.9,77,96,878,26,26.2,13.1,67.25,2013
3,4,New Orleans Saints,16,304,4891,943,5.2,19,7,274,304,507,3105,20,12,5.6,168,387,1786,11,4.6,82,91,750,24,30.4,10.5,-15.21,2013
4,5,Cincinnati Bengals,16,305,4888,1042,4.7,31,11,282,362,614,3344,22,20,5.1,178,385,1544,6,4.0,72,69,692,32,27.4,15.2,92.97,2013
5,6,Kansas City Chiefs,16,305,5885,1067,5.5,36,15,303,334,592,3962,25,21,6.2,189,428,1923,9,4.5,88,112,852,26,27.5,15.7,26.34,2013
6,7,Arizona Cardinals,16,324,5079,1042,4.9,30,10,309,367,625,3728,29,20,5.5,208,370,1351,5,3.7,68,111,960,33,28.9,13.7,64.88,2013
7,8,Miami Dolphins,16,335,5750,1106,5.2,24,6,327,344,580,3752,17,18,6.0,192,484,1998,14,4.1,114,95,748,21,33.5,11.9,-21.18,2013
8,9,Indianapolis Colts,16,336,5713,1026,5.6,27,12,319,324,536,3711,21,15,6.4,191,448,2002,14,4.5,101,112,990,27,31.7,13.7,-82.63,2013
9,10,New England Patriots,16,338,5969,1118,5.3,29,12,338,336,589,3824,25,17,6.0,208,481,2145,11,4.5,110,110,951,20,29.6,13.3,-42.78,2013
10,11,San Diego Chargers,16,348,5864,959,6.1,17,6,327,364,548,4139,23,11,7.1,208,376,1725,14,4.6,98,100,850,21,36.1,9.6,-120.17,2013
11,12,Baltimore Ravens,16,352,5368,1032,5.2,24,8,284,314,552,3681,25,16,6.2,176,440,1687,7,3.8,79,126,1196,29,31.4,10.3,21.7,2013
12,13,St. Louis Rams,16,364,5520,1014,5.4,29,15,337,355,521,3874,21,14,6.7,203,440,1646,18,3.7,87,105,978,47,31.0,14.7,-32.49,2013
13,14,Pittsburgh Steelers,16,370,5395,1036,5.2,20,10,303,329,569,3546,21,10,5.9,174,433,1849,18,4.3,106,92,800,23,35.3,10.5,11.02,2013
14,15,Detroit Lions,16,376,5546,982,5.6,22,7,290,338,572,3950,24,15,6.5,197,377,1596,10,4.2,62,87,681,31,35.7,11.1,-25.01,2013
15,16,Tennessee Titans,16,381,5407,1027,5.3,25,12,329,344,545,3612,15,13,6.2,191,446,1795,21,4.0,108,95,779,30,35.8,13.2,-25.65,2013
16,17,Philadelphia Eagles,16,382,6304,1150,5.5,31,12,368,408,670,4636,25,19,6.6,239,443,1668,12,3.8,100,106,855,29,32.7,15.3,-35.53,2013
17,18,New York Giants,16,383,5316,1089,4.9,29,12,327,361,601,3573,21,17,5.6,198,454,1743,12,3.8,101,105,904,28,31.0,13.0,59.98,2013
18,19,New York Jets,16,387,5359,1048,5.1,15,2,293,345,586,3947,26,13,6.3,198,421,1412,9,3.4,68,92,833,27,35.4,7.3,-15.17,2013
19,20,Buffalo Bills,16,388,5334,1089,4.9,30,7,308,310,561,3271,28,23,5.3,170,471,2063,10,4.4,98,108,931,40,32.2,14.0,43.14,2013
20,21,Tampa Bay Buccaneers,16,389,5568,1020,5.5,31,10,324,352,547,3806,30,21,6.5,190,438,1762,10,4.0,95,105,1012,39,38.0,15.0,-39.75,2013
21,22,Denver Broncos,16,399,5696,1074,5.3,26,9,339,357,613,4070,29,17,6.2,208,420,1626,15,3.9,90,97,807,41,32.5,12.6,-54.32,2013
22,23,Cleveland Browns,16,406,5319,1107,4.8,21,7,328,363,605,3538,29,14,5.5,197,462,1781,13,3.9,103,95,745,28,34.0,9.9,-15.2,2013
23,24,Houston Texans,16,428,5081,970,5.2,11,4,282,287,484,3123,29,7,6.1,158,454,1958,11,4.3,88,102,809,36,36.1,5.7,-57.34,2013
24,25,Green Bay Packers,16,428,5956,1015,5.9,22,11,330,332,539,3956,30,11,6.8,190,432,2000,16,4.6,116,99,883,24,38.9,12.2,-116.87,2013
25,26,Dallas Cowboys,16,432,6645,1094,6.1,28,13,388,403,623,4589,33,15,7.0,231,437,2056,17,4.7,122,112,875,35,39.7,13.8,-96.77,2013
26,27,Atlanta Falcons,16,443,6070,1003,6.1,21,11,326,341,516,3897,31,10,7.1,196,455,2173,14,4.8,102,104,885,28,45.1,11.4,-125.65,2013
27,28,Jacksonville Jaguars,16,449,6070,1089,5.6,21,10,353,354,551,3962,29,11,6.8,200,507,2108,20,4.2,121,87,729,32,38.1,10.7,-85.34,2013
28,29,Oakland Raiders,16,453,5819,1029,5.7,22,13,330,374,549,4092,33,9,7.0,202,442,1727,15,3.9,100,87,686,28,38.6,9.5,-104.98,2013
29,30,Washington Redskins,16,478,5665,993,5.7,26,10,329,337,514,3896,29,16,7.1,204,443,1769,23,4.0,102,83,697,23,36.7,13.1,-57.77,2013
30,31,Chicago Bears,16,478,6313,1021,6.2,28,9,353,315,507,3730,25,19,6.9,184,483,2583,22,5.3,147,69,647,22,42.7,15.2,-118.14,2013
31,32,Minnesota Vikings,16,480,6362,1132,5.6,20,8,368,419,648,4595,37,12,6.7,247,443,1767,14,4.0,101,100,1003,20,39.6,9.1,-122.7,2013
0,1,Seattle Seahawks,16,254,4274,924,4.6,24,11,277,313,507,2970,17,13,5.5,175,380,1304,8,3.4,70,70,613,32,26.9,12.3,40.92,2014
1,2,Kansas City Chiefs,16,281,5288,1024,5.2,14,8,310,318,545,3252,22,6,5.5,184,433,2036,4,4.7,108,107,851,18,32.6,6.7,-16.38,2014
2,3,Detroit Lions,16,282,4815,984,4.9,27,7,310,383,592,3706,23,20,5.8,209,350,1109,8,3.2,59,99,849,42,26.9,14.3,53.86,2014
3,4,Buffalo Bills,16,289,4995,1027,4.9,30,11,302,337,559,3292,16,19,5.4,171,414,1703,10,4.1,89,104,849,42,28.3,14.1,43.28,2014
4,5,Arizona Cardinals,16,299,5891,1010,5.8,25,7,300,365,579,4152,22,18,6.8,195,396,1739,9,4.4,77,130,1192,28,29.8,12.8,-9.75,2014
5,6,Baltimore Ravens,16,302,5391,1034,5.2,22,11,311,382,595,3979,22,11,6.2,205,390,1412,8,3.6,75,110,1007,31,33.3,11.7,-18.91,2014
6,7,Houston Texans,16,307,5571,1077,5.2,34,14,329,363,619,3890,28,20,5.9,206,420,1681,6,4.0,89,99,786,34,26.6,16.1,75.87,2014
7,8,New England Patriots,16,313,5506,1033,5.3,25,9,329,342,574,3837,24,16,6.2,196,419,1669,6,4.0,88,92,752,45,32.4,13.2,-51.58,2014
8,9,Cleveland Browns,16,337,5857,1118,5.2,29,8,348,335,587,3592,22,21,5.8,184,500,2265,13,4.5,126,98,769,38,32.3,13.6,-11.69,2014
9,10,San Francisco 49ers,16,340,5143,989,5.2,29,6,308,324,551,3531,29,23,6.0,188,402,1612,7,4.0,83,122,909,37,32.0,16.6,-11.11,2014
10,11,Minnesota Vikings,16,343,5515,1025,5.4,19,6,321,353,534,3572,26,13,6.2,189,450,1943,10,4.3,100,112,938,32,34.1,10.1,-39.67,2014
11,12,Cincinnati Bengals,16,344,5749,1067,5.4,26,6,337,365,608,3888,18,20,6.2,197,439,1861,16,4.2,105,105,876,35,32.6,13.6,-39.01,2014
12,13,San Diego Chargers,16,348,5413,988,5.5,18,11,307,320,524,3427,24,7,6.2,168,438,1986,11,4.5,98,129,1067,41,35.8,9.5,-52.29,2014
13,14,Green Bay Packers,16,348,5542,1054,5.3,27,9,339,333,564,3623,26,18,6.0,196,449,1919,11,4.3,116,104,945,27,33.1,14.9,-33.95,2014
14,15,Dallas Cowboys,16,352,5681,978,5.8,31,13,315,371,558,4031,22,18,6.9,195,392,1650,18,4.2,86,104,861,34,31.3,16.8,-69.98,2014
15,16,Denver Broncos,16,354,4883,1031,4.7,25,7,311,399,641,3607,29,18,5.3,219,349,1276,9,3.7,60,103,816,32,31.3,11.8,5.24,2014
16,17,St. Louis Rams,16,354,5626,1005,5.6,25,12,301,368,540,3861,18,13,6.7,189,425,1765,12,4.2,83,105,882,29,30.2,13.2,3.47,2014
17,18,Pittsburgh Steelers,16,368,5654,944,6.0,21,10,314,350,543,4049,30,11,7.0,193,368,1605,9,4.4,88,97,835,33,39.7,11.5,-73.84,2014
18,19,Indianapolis Colts,16,369,5483,1007,5.4,26,14,309,320,543,3669,27,12,6.3,175,423,1814,14,4.3,103,101,866,31,28.1,12.6,-12.0,2014
19,20,Miami Dolphins,16,373,5494,1029,5.3,25,11,309,338,537,3557,27,14,6.2,194,453,1937,13,4.3,99,105,920,16,36.7,13.3,-28.48,2014
20,21,Carolina Panthers,16,374,5437,999,5.4,26,12,309,364,562,3645,25,14,6.1,193,397,1792,14,4.5,91,97,760,25,34.1,14.0,-38.36,2014
21,22,Philadelphia Eagles,16,400,6009,1113,5.4,28,16,338,345,591,4238,30,12,6.6,211,473,1771,14,3.7,88,121,1089,39,31.1,12.7,-31.44,2014
22,23,New York Giants,16,400,6012,1007,6.0,26,9,326,324,522,3850,25,17,6.8,187,438,2162,15,4.9,112,105,948,27,35.4,12.8,-58.87,2014
23,24,New York Jets,16,401,5235,976,5.4,13,7,300,345,538,3746,31,6,6.4,194,393,1489,10,3.8,74,91,780,32,37.2,5.5,-70.4,2014
24,25,Tampa Bay Buccaneers,16,410,5903,1067,5.5,25,11,353,387,563,4084,28,14,6.8,223,468,1819,15,3.9,103,106,935,27,38.9,13.0,-84.36,2014
25,26,Jacksonville Jaguars,16,412,5932,1085,5.5,20,14,330,355,541,3899,24,6,6.7,200,499,2033,15,4.1,107,115,886,23,36.3,9.8,-46.95,2014
26,27,Atlanta Falcons,16,417,6372,1038,6.1,28,12,358,359,566,4478,20,16,7.6,224,450,1894,21,4.2,108,91,744,26,42.6,14.2,-128.96,2014
27,28,New Orleans Saints,16,424,6144,1022,6.0,17,5,345,341,546,4019,26,12,6.9,205,442,2125,17,4.8,111,105,889,29,43.3,9.9,-128.38,2014
28,29,Washington Redskins,16,438,5712,976,5.9,19,12,307,345,519,3990,35,7,7.2,195,421,1722,11,4.1,77,144,1164,35,37.4,8.8,-121.72,2014
29,30,Tennessee Titans,16,438,5968,1099,5.4,16,4,357,347,545,3773,28,12,6.5,211,515,2195,17,4.3,119,93,731,27,40.8,8.4,-111.18,2014
30,31,Chicago Bears,16,442,6033,1008,6.0,24,10,325,366,548,4230,34,14,7.2,227,421,1803,12,4.3,78,106,978,20,44.6,12.4,-102.23,2014
31,32,Oakland Raiders,16,452,5721,1041,5.5,14,5,320,343,538,3810,29,9,6.8,190,481,1911,17,4.0,95,116,941,35,39.6,6.6,-57.69,2014
0,1,Seattle Seahawks,16,277,4668,947,4.9,23,9,273,333,548,3364,14,14,5.8,175,362,1304,10,3.6,71,94,795,27,29.3,13.2,59.08,2015
1,2,Cincinnati Bengals,16,279,5453,1032,5.3,28,7,307,415,646,3976,18,21,5.8,202,344,1477,8,4.3,74,116,1063,31,28.9,15.0,40.96,2015
2,3,Kansas City Chiefs,16,287,5269,1037,5.1,29,7,313,349,607,3698,25,22,5.7,193,383,1571,7,4.1,86,110,941,34,27.3,15.3,105.76,2015
3,4,Denver Broncos,16,296,4530,1033,4.4,27,13,289,344,573,3193,19,14,5.1,162,408,1337,10,3.3,81,104,773,46,26.9,11.9,141.46,2015
4,5,Minnesota Vikings,16,302,5510,1015,5.4,22,9,318,359,561,3762,24,13,6.2,189,411,1748,7,4.3,94,109,875,35,33.3,11.9,11.53,2015
5,6,Carolina Panthers,16,308,5167,1058,4.9,39,15,298,390,650,3752,21,24,5.4,198,364,1415,11,3.9,74,99,822,26,26.5,19.4,117.7,2015
6,7,Arizona Cardinals,16,313,5147,982,5.2,33,14,284,343,573,3687,24,19,6.1,177,373,1460,9,3.9,79,130,1202,28,31.7,16.7,34.93,2015
7,8,Houston Texans,16,313,4963,986,5.0,25,11,281,326,553,3366,24,14,5.6,173,388,1597,10,4.1,79,116,991,29,27.3,11.1,46.6,2015
8,9,New York Jets,16,314,5098,1013,5.0,30,12,271,343,601,3763,25,18,5.9,185,373,1335,4,3.6,62,90,767,24,28.4,14.4,59.35,2015
9,10,New England Patriots,16,315,5430,1042,5.2,21,9,303,361,596,3852,24,12,6.0,204,397,1578,8,4.0,77,112,1013,22,28.9,10.5,27.26,2015
10,11,Pittsburgh Steelers,16,319,5809,1055,5.5,30,13,327,402,625,4350,29,17,6.5,231,382,1459,6,3.8,71,121,1199,25,32.3,14.3,37.09,2015
11,12,Green Bay Packers,16,323,5547,1014,5.5,22,6,300,321,551,3642,20,16,6.1,183,420,1905,13,4.5,96,120,1107,21,31.3,11.5,-9.81,2015
12,13,St. Louis Rams,16,330,5885,1091,5.4,26,13,320,399,597,4065,21,13,6.4,192,453,1820,7,4.0,98,109,992,30,31.8,12.1,35.44,2015
13,14,Atlanta Falcons,16,345,5562,996,5.6,23,8,335,370,561,3882,19,15,6.7,197,416,1680,20,4.0,107,95,728,31,34.3,13.4,-27.98,2015
14,15,Buffalo Bills,16,359,5702,1017,5.6,25,8,322,347,602,3972,30,17,6.4,198,394,1730,10,4.4,87,113,906,37,32.5,11.0,-32.74,2015
15,16,Dallas Cowboys,16,374,5567,997,5.6,11,3,317,330,506,3636,19,8,6.8,172,460,1931,16,4.2,113,113,900,32,36.7,5.6,-52.8,2015
16,17,Washington Redskins,16,379,6090,1010,6.0,27,16,329,354,566,4128,30,11,6.8,202,406,1962,10,4.8,103,112,955,24,35.4,14.9,-55.35,2015
17,18,San Francisco 49ers,16,387,6199,1081,5.7,12,3,356,375,549,4179,21,9,7.2,199,504,2020,20,4.0,128,112,920,29,37.9,6.6,-84.98,2015
18,19,Miami Dolphins,16,389,6019,1076,5.6,16,3,351,350,542,4000,31,13,7.0,203,503,2019,13,4.0,112,121,1005,36,34.0,8.4,-105.08,2015
19,20,Chicago Bears,16,397,5527,981,5.6,17,9,307,322,513,3593,31,8,6.6,182,433,1934,9,4.5,103,98,895,22,36.6,8.0,-70.66,2015
20,21,San Diego Chargers,16,398,5791,959,6.0,20,9,299,328,510,3786,22,11,7.0,170,417,2005,17,4.8,101,120,976,28,37.8,10.0,-81.04,2015
21,22,Oakland Raiders,16,399,5818,1085,5.4,25,11,344,404,641,4140,25,14,6.1,206,406,1678,12,4.1,94,104,943,44,38.2,11.5,-38.94,2015
22,23,Detroit Lions,16,400,5597,999,5.6,19,10,319,360,528,3789,27,9,6.6,191,428,1808,18,4.2,96,96,785,32,38.2,9.1,-73.05,2015
23,24,Baltimore Ravens,16,401,5398,1000,5.4,14,8,311,350,545,3737,30,6,6.4,189,418,1661,10,4.0,80,103,748,42,37.4,7.0,-71.18,2015
24,25,Indianapolis Colts,16,408,6066,1072,5.7,25,8,331,354,585,4114,29,17,6.6,210,452,1952,14,4.3,89,133,1168,32,36.6,12.4,-26.88,2015
25,26,Tampa Bay Buccaneers,16,417,5446,1045,5.2,23,12,351,378,541,3840,31,11,6.6,208,466,1606,12,3.4,104,104,862,39,41.7,12.8,-79.88,2015
26,27,Tennessee Titans,16,423,5475,1004,5.5,19,8,317,319,503,3678,34,11,6.8,192,462,1797,11,3.9,101,112,982,24,36.6,8.1,-54.91,2015
27,28,Philadelphia Eagles,16,430,6426,1148,5.6,26,11,365,394,633,4273,36,15,6.4,239,478,2153,10,4.5,100,123,1049,26,36.0,11.8,-74.73,2015
28,29,Cleveland Browns,16,432,6067,998,6.1,21,10,321,322,511,4012,34,11,7.4,186,458,2055,11,4.5,104,108,833,31,41.9,11.7,-95.96,2015
29,30,New York Giants,16,442,6725,1105,6.1,28,13,367,423,638,4783,31,15,7.2,236,444,1942,15,4.4,104,120,1077,27,40.5,14.2,-103.42,2015
30,31,Jacksonville Jaguars,16,448,6000,1102,5.4,18,9,362,390,602,4291,29,9,6.7,222,464,1709,15,3.7,102,114,989,38,38.1,8.8,-75.65,2015
31,32,New Orleans Saints,16,476,6615,997,6.6,22,13,380,372,544,4544,45,9,7.9,223,422,2071,12,4.9,103,114,887,54,43.9,11.7,-180.12,2015
0,1,New England Patriots,16,250,5223,998,5.2,23,10,294,368,596,3806,21,13,6.0,190,368,1417,6,3.9,81,113,930,23,26.8,11.2,108.15,2016
1,2,New York Giants,16,284,5435,1062,5.1,25,8,298,369,630,4018,15,17,6.0,191,397,1417,10,3.6,82,104,853,25,29.9,12.2,98.26,2016
2,3,Seattle Seahawks,16,292,5099,1020,5.0,19,8,307,331,537,3612,16,11,6.2,180,441,1487,16,3.4,94,103,925,33,28.3,10.3,69.7,2016
3,4,Denver Broncos,16,297,5057,1076,4.7,27,13,306,306,552,2972,13,14,5.0,169,482,2085,15,4.3,101,110,990,36,29.4,12.2,144.49,2016
4,5,Dallas Cowboys,16,306,5503,1009,5.5,20,11,330,425,633,4167,25,9,6.2,226,340,1336,9,3.9,79,90,784,25,35.1,11.3,-27.42,2016
5,6,Minnesota Vikings,16,307,5038,993,5.1,27,13,304,332,548,3327,22,14,5.6,186,404,1711,9,4.2,87,99,825,31,33.3,14.1,97.72,2016
6,7,Kansas City Chiefs,16,311,5896,1063,5.5,33,15,342,350,598,3958,23,18,6.3,209,437,1938,10,4.4,102,109,797,31,31.9,16.5,59.03,2016
7,8,Cincinnati Bengals,16,315,5612,1038,5.4,20,3,327,374,593,3800,22,17,6.1,196,412,1812,12,4.4,95,105,950,36,34.7,11.4,-0.36,2016
8,9,Baltimore Ravens,16,321,5154,993,5.2,28,10,294,369,578,3724,28,18,6.1,190,384,1430,10,3.7,74,94,900,30,28.1,14.1,50.21,2016
9,10,Pittsburgh Steelers,16,327,5482,997,5.5,23,10,313,381,590,3882,20,13,6.2,184,369,1600,15,4.3,95,109,920,34,34.5,11.9,13.12,2016
10,11,Houston Texans,16,328,4821,950,5.1,17,6,272,319,522,3226,20,11,5.8,157,397,1595,13,4.0,87,114,949,28,31.7,9.1,88.96,2016
11,12,Philadelphia Eagles,16,331,5484,978,5.6,26,10,300,333,553,3832,25,16,6.5,177,391,1652,10,4.2,89,99,837,34,33.9,13.4,25.9,2016
12,13,Detroit Lions,16,358,5676,964,5.9,14,4,333,399,549,3975,33,10,6.9,206,389,1701,8,4.4,99,122,979,28,39.4,8.8,-88.0,2016
13,14,Arizona Cardinals,16,362,4883,1019,4.8,28,14,293,344,547,3365,21,14,5.7,175,424,1518,16,3.6,90,123,1010,28,32.5,12.9,81.68,2016
14,15,Tampa Bay Buccaneers,16,369,5887,1013,5.8,29,12,326,347,548,4012,24,17,6.8,203,427,1875,15,4.4,102,121,1061,21,35.9,14.7,39.69,2016
15,16,Tennessee Titans,16,378,5720,1031,5.5,18,6,324,388,635,4307,25,12,6.4,227,356,1413,10,4.0,70,137,1191,27,35.0,9.0,8.52,2016
16,17,Buffalo Bills,16,378,5712,1019,5.6,18,6,338,306,511,3582,19,12,6.5,183,469,2130,21,4.5,122,106,884,33,38.8,9.3,46.56,2016
17,18,Miami Dolphins,16,380,6122,1088,5.6,25,9,349,368,591,3875,30,16,6.2,199,464,2247,12,4.8,109,109,919,41,35.1,12.9,-16.46,2016
18,19,Washington Redskins,16,383,6046,1050,5.8,21,8,368,387,589,4130,22,13,6.6,225,423,1916,19,4.5,109,100,1023,34,38.5,11.8,-32.66,2016
19,20,Oakland Raiders,16,385,6001,987,6.1,30,14,318,328,541,4120,27,16,7.3,188,421,1881,18,4.5,94,115,1062,36,35.3,14.2,-28.15,2016
20,21,Green Bay Packers,16,388,5823,987,5.9,25,8,329,370,571,4308,32,17,7.1,227,376,1515,11,4.0,80,109,964,22,41.0,13.9,-29.27,2016
21,22,Indianapolis Colts,16,392,6126,1024,6.0,17,9,353,378,582,4200,27,8,6.8,225,409,1926,12,4.7,93,125,1155,35,41.5,9.7,-46.92,2016
22,23,Los Angeles Rams,16,394,5392,1037,5.2,18,8,325,378,582,3732,32,10,6.1,194,424,1660,12,3.9,91,108,920,40,31.3,9.4,-2.88,2016
23,24,Chicago Bears,16,399,5548,1012,5.5,11,3,322,342,530,3598,22,8,6.3,188,445,1950,18,4.4,99,103,959,35,42.0,6.3,-68.19,2016
24,25,Jacksonville Jaguars,16,400,5147,1030,5.0,13,6,305,345,551,3444,20,7,5.9,174,446,1703,17,3.8,93,101,948,38,39.3,5.8,40.52,2016
25,26,Carolina Panthers,16,402,5756,1035,5.6,27,10,329,409,612,4291,27,17,6.5,223,376,1465,11,3.9,90,112,907,16,36.2,13.8,57.81,2016
26,27,Atlanta Falcons,16,406,5939,1059,5.6,22,10,358,422,655,4267,31,12,6.2,232,370,1672,15,4.5,95,113,974,31,39.2,11.4,-34.14,2016
27,28,New York Jets,16,409,5479,1000,5.5,14,6,318,347,545,3898,30,8,6.8,203,428,1581,11,3.7,86,74,651,29,37.7,7.1,-55.99,2016
28,29,San Diego Chargers,16,423,5554,1025,5.4,28,10,329,364,580,3987,21,18,6.5,204,410,1567,20,3.8,98,119,837,27,39.8,14.5,71.88,2016
29,30,Cleveland Browns,16,452,6279,1067,5.9,13,3,364,347,543,3996,36,10,7.0,220,498,2283,18,4.6,121,104,930,23,40.8,6.1,-128.14,2016
30,31,New Orleans Saints,16,454,6006,1008,6.0,21,12,353,378,582,4380,27,9,7.2,230,396,1626,19,4.1,91,104,881,32,45.3,12.2,-61.65,2016
31,32,San Francisco 49ers,16,480,6502,1102,5.9,20,10,358,322,521,3848,30,10,6.9,187,548,2654,25,4.8,140,93,780,31,41.4,9.4,-52.22,2016
0,1,Minnesota Vikings,16,252,4415,956,4.6,19,5,260,324,555,3078,13,14,5.2,168,364,1337,10,3.7,59,105,928,33,27.9,10.1,145.07,2017
1,2,Jacksonville Jaguars,16,268,4578,993,4.6,33,12,257,289,509,2718,17,21,4.8,143,429,1860,9,4.3,91,112,1050,23,23.9,15.6,252.15,2017
2,3,Los Angeles Chargers,16,272,5254,997,5.3,27,9,282,329,524,3156,17,18,5.6,153,430,2098,11,4.9,99,109,996,30,28.5,15.1,120.25,2017
3,4,Philadelphia Eagles,16,295,4904,976,5.0,31,12,272,363,601,3637,24,19,5.7,177,337,1267,7,3.8,62,101,917,33,27.1,15.4,162.09,2017
4,5,New England Patriots,16,296,5856,1022,5.7,18,6,325,367,590,4020,24,12,6.4,204,390,1836,6,4.7,98,111,1035,23,30.2,9.9,12.09,2017
5,6,Baltimore Ravens,16,303,5201,1045,5.0,34,12,296,333,569,3421,18,22,5.6,179,435,1780,12,4.1,87,96,807,30,29.7,17.4,181.55,2017
6,7,Pittsburgh Steelers,16,308,4910,940,5.2,22,6,270,297,499,3217,20,16,5.8,157,385,1693,14,4.4,89,110,1041,24,30.3,12.4,31.72,2017
7,8,Atlanta Falcons,16,315,5094,994,5.1,16,8,323,362,553,3429,22,8,5.8,197,402,1665,9,4.1,97,103,880,29,36.0,9.1,127.47,2017
8,9,Chicago Bears,16,320,5106,1003,5.1,22,14,298,343,529,3376,18,8,5.9,180,432,1730,10,4.0,85,118,910,33,33.1,11.2,129.87,2017
9,10,New Orleans Saints,16,326,5384,1002,5.4,25,5,308,329,554,3597,22,20,6.0,172,406,1787,11,4.4,92,108,850,44,33.3,13.6,64.3,2017
10,11,Carolina Panthers,16,327,5074,953,5.3,21,11,282,351,550,3665,25,10,6.1,187,353,1409,7,4.0,69,101,867,26,33.9,11.7,102.03,2017
11,12,Los Angeles Rams,16,329,5432,1021,5.3,28,10,300,324,555,3475,21,18,5.8,181,418,1957,15,4.7,86,102,808,33,30.6,14.0,100.44,2017
12,13,Dallas Cowboys,16,332,5089,1000,5.1,21,11,312,371,559,3425,28,10,5.7,181,403,1664,7,4.1,96,107,880,35,31.6,10.5,29.89,2017
13,14,Seattle Seahawks,16,332,5171,1045,4.9,25,11,316,325,554,3347,19,14,5.6,181,452,1824,14,4.0,90,102,878,45,33.2,11.9,125.66,2017
14,15,Kansas City Chiefs,16,339,5842,1044,5.6,26,10,352,325,570,3952,23,16,6.6,204,443,1890,15,4.3,112,107,864,36,33.5,13.4,37.66,2017
15,16,Cincinnati Bengals,16,349,5425,1091,5.0,14,3,325,336,561,3379,20,11,5.6,173,489,2046,13,4.2,111,106,906,41,37.0,7.6,159.55,2017
16,17,Tennessee Titans,16,356,5248,1046,5.0,21,9,323,369,605,3828,27,12,5.9,231,398,1420,5,3.6,68,119,942,24,37.3,10.8,77.51,2017
17,18,Buffalo Bills,16,359,5682,1066,5.3,25,7,348,370,573,3688,14,18,6.1,199,466,1994,22,4.3,121,97,873,28,37.2,13.1,86.45,2017
18,19,Arizona Cardinals,16,361,4973,1008,4.9,21,6,283,343,564,3541,24,15,5.9,187,407,1432,12,3.5,68,129,1128,28,31.5,10.5,143.08,2017
19,20,Oakland Raiders,16,373,5601,994,5.6,14,9,304,361,530,3858,24,5,6.9,187,433,1743,11,4.0,93,102,944,24,40.9,7.0,11.52,2017
20,21,Detroit Lions,16,376,5692,1037,5.5,32,13,349,366,570,3892,21,19,6.4,205,432,1800,18,4.2,109,110,971,35,32.3,16.1,122.96,2017
21,22,New York Jets,16,382,5636,1052,5.4,20,9,329,329,558,3749,30,11,6.4,191,466,1887,13,4.0,88,114,981,50,33.3,10.4,41.98,2017
22,23,Denver Broncos,16,382,4640,952,4.9,17,7,266,294,491,3210,29,10,6.1,166,428,1430,9,3.3,68,89,821,32,32.5,8.8,131.2,2017
23,24,Tampa Bay Buccaneers,16,382,6049,1011,6.0,26,13,327,371,549,4169,22,13,7.3,202,440,1880,17,4.3,102,109,937,23,38.9,13.1,50.69,2017
24,25,San Francisco 49ers,16,383,5625,1065,5.3,20,10,343,344,544,3764,27,10,6.6,198,491,1861,13,3.8,108,97,791,37,37.8,10.1,25.99,2017
25,26,Green Bay Packers,16,384,5582,1014,5.5,22,11,331,348,513,3789,30,11,6.9,211,464,1793,10,3.9,95,94,832,25,40.2,11.5,16.38,2017
26,27,New York Giants,16,388,5971,1052,5.7,19,6,313,347,561,4038,32,13,6.9,189,464,1933,10,4.2,101,115,923,23,35.5,9.6,95.0,2017
27,28,Washington Redskins,16,388,5566,1045,5.3,23,7,307,306,531,3420,23,16,6.0,171,472,2146,13,4.5,105,100,887,31,35.9,11.8,120.68,2017
28,29,Miami Dolphins,16,393,5371,989,5.4,15,6,319,339,528,3603,26,9,6.5,190,431,1768,14,4.1,88,122,1077,41,36.6,8.1,61.09,2017
29,30,Indianapolis Colts,16,404,5873,1026,5.7,20,7,324,320,513,3946,23,13,7.3,192,488,1927,15,3.9,99,102,822,33,39.7,10.3,5.01,2017
30,31,Cleveland Browns,16,410,5250,1026,5.1,13,6,315,360,525,3684,28,7,6.6,189,467,1566,14,3.4,95,101,906,31,36.2,6.9,13.99,2017
31,32,Houston Texans,16,436,5546,973,5.7,16,5,301,321,501,3799,30,11,7.1,176,440,1747,14,4.0,88,122,1128,37,39.7,7.7,47.22,2017
0,1,Chicago Bears,16,283,4795,1004,4.8,36,9,278,377,615,3515,22,27,5.3,186,339,1280,5,3.8,67,114,1022,25,28.6,19.5,95.5,2018
1,2,Baltimore Ravens,16,287,4687,974,4.8,17,5,286,337,577,3360,21,12,5.4,174,354,1327,11,3.7,82,113,1017,30,29.1,9.5,39.88,2018
2,3,Tennessee Titans,16,303,5334,1001,5.3,17,6,298,337,533,3471,21,11,6.1,182,429,1863,9,4.3,98,120,984,18,33.1,9.9,-22.13,2018
3,4,Houston Texans,16,316,5490,1022,5.4,29,14,298,385,594,4167,28,15,6.5,200,385,1323,8,3.4,76,117,945,22,31.6,13.9,-10.29,2018
4,5,Jacksonville Jaguars,16,316,4983,970,5.1,17,6,288,312,499,3113,17,11,5.8,162,434,1870,16,4.3,89,92,735,37,33.1,8.3,4.66,2018
5,6,Dallas Cowboys,16,324,5268,981,5.4,20,11,309,367,542,3755,22,9,6.5,193,400,1513,12,3.8,89,89,681,27,36.5,12.0,-52.66,2018
6,7,New England Patriots,16,325,5746,1002,5.7,28,10,322,370,605,3943,29,18,6.2,208,367,1803,7,4.9,93,91,838,21,32.6,15.0,-32.66,2018
7,8,Los Angeles Chargers,16,329,5339,981,5.4,20,7,311,351,548,3646,23,13,6.2,178,395,1693,11,4.3,101,103,828,32,33.7,11.8,-38.61,2018
8,9,Minnesota Vikings,16,341,4955,993,5.0,20,8,303,315,503,3140,15,12,5.7,160,440,1815,13,4.1,107,106,834,36,33.7,10.5,23.15,2018
9,10,Indianapolis Colts,16,344,5435,997,5.5,26,11,315,384,542,3805,21,15,6.6,203,417,1630,12,3.9,87,131,1115,25,35.5,14.5,-37.23,2018
10,11,Seattle Seahawks,16,347,5653,955,5.9,26,14,323,355,546,3842,26,12,6.5,201,366,1811,9,4.9,91,108,981,31,35.2,14.2,-61.32,2018
11,12,Philadelphia Eagles,16,348,5859,1002,5.8,17,7,308,417,626,4308,22,10,6.4,215,332,1551,14,4.7,71,115,995,22,38.6,9.1,-90.19,2018
12,13,Denver Broncos,16,349,5842,1022,5.7,28,11,318,353,549,3929,26,17,6.6,197,429,1913,11,4.5,85,123,1006,36,34.1,14.1,-39.47,2018
13,14,New Orleans Saints,16,353,5585,978,5.7,24,12,333,384,573,4302,30,12,6.9,224,356,1283,12,3.6,72,85,814,37,36.0,14.6,-83.8,2018
14,15,Washington Redskins,16,359,5654,996,5.7,26,11,330,362,537,3794,27,15,6.5,197,413,1860,12,4.5,109,102,791,24,35.1,14.6,-87.52,2018
15,16,Detroit Lions,16,360,5360,942,5.7,14,7,315,323,496,3599,29,7,6.7,191,403,1761,11,4.4,88,94,886,36,34.5,7.0,-100.68,2018
16,17,Pittsburgh Steelers,16,360,5235,987,5.3,15,7,317,362,566,3697,27,8,6.0,200,369,1538,13,4.2,84,136,1170,33,33.7,8.2,-52.4,2018
17,18,Buffalo Bills,16,374,4706,968,4.9,27,11,293,313,492,2867,22,16,5.4,157,440,1839,17,4.2,111,99,976,25,33.3,14.3,20.12,2018
18,19,Carolina Panthers,16,382,5651,948,6.0,23,10,315,353,529,3847,32,13,6.8,185,384,1804,13,4.7,110,91,805,20,38.0,12.9,-112.34,2018
19,20,Los Angeles Rams,16,384,5737,960,6.0,30,12,322,347,533,3780,31,18,6.6,185,386,1957,12,5.1,101,99,852,36,38.2,16.9,-74.04,2018
20,21,Cleveland Browns,16,392,6288,1122,5.6,31,14,377,393,626,4125,21,17,6.2,216,459,2163,20,4.7,130,119,990,31,35.3,15.4,-46.08,2018
21,22,Green Bay Packers,16,400,5670,1017,5.6,15,8,331,336,527,3752,30,7,6.6,199,446,1918,15,4.3,100,97,792,32,37.9,8.2,-105.4,2018
22,23,New York Giants,16,412,5942,1034,5.7,21,5,346,362,560,4044,24,16,6.9,205,444,1898,18,4.3,103,110,919,38,40.9,11.6,-107.2,2018
23,24,Kansas City Chiefs,16,421,6488,1109,5.9,27,12,419,406,632,4374,30,15,6.4,247,425,2114,19,5.0,129,107,881,43,40.8,14.9,-163.28,2018
24,25,Atlanta Falcons,16,423,6152,1031,6.0,19,4,375,398,585,4153,33,15,6.7,226,409,1999,16,4.9,115,108,1001,34,41.5,10.5,-159.71,2018
25,26,Arizona Cardinals,16,425,5741,1065,5.4,16,9,357,342,506,3262,21,7,5.9,186,510,2479,25,4.9,139,100,790,32,38.0,8.6,-85.72,2018
26,27,Miami Dolphins,16,433,6257,1024,6.1,28,7,350,335,508,3932,31,21,7.3,195,485,2325,17,4.8,116,107,856,39,39.9,14.2,-124.79,2018
27,28,San Francisco 49ers,16,435,5546,1023,5.4,7,5,337,344,542,3732,35,2,6.4,195,444,1814,13,4.1,104,117,1011,38,39.8,3.9,-126.92,2018
28,29,New York Jets,16,441,6086,1061,5.7,20,7,343,367,582,4065,29,13,6.5,201,440,2021,16,4.6,104,95,817,38,39.1,9.9,-73.31,2018
29,30,Cincinnati Bengals,16,455,6618,1084,6.1,18,6,372,389,584,4414,32,12,7.1,221,466,2204,17,4.7,125,113,944,26,46.3,10.2,-164.84,2018
30,31,Tampa Bay Buccaneers,16,464,6134,998,6.1,17,8,356,387,534,4151,34,9,7.3,209,426,1983,19,4.7,122,127,1156,25,40.7,8.2,-152.18,2018
31,32,Oakland Raiders,16,467,6102,973,6.3,17,3,317,299,480,3853,36,14,7.8,178,480,2249,16,4.7,108,117,991,31,44.3,9.8,-172.07,2018
0,1,New England Patriots,16,225,4414,948,4.7,36,11,261,303,536,2886,13,25,5.0,150,365,1528,7,4.2,72,107,920,39,19.1,17.0,166.75,2019
1,2,Buffalo Bills,16,259,4772,985,4.8,23,9,295,348,553,3123,15,14,5.2,169,388,1649,12,4.3,93,94,815,33,23.6,12.1,48.85,2019
2,3,Baltimore Ravens,16,282,4809,921,5.2,25,12,276,318,544,3315,15,13,5.7,163,340,1494,12,4.4,74,97,795,39,32.5,14.5,21.61,2019
3,4,Chicago Bears,16,298,5186,1017,5.1,19,9,306,362,571,3554,17,10,5.9,190,414,1632,16,3.9,86,113,923,30,30.9,10.5,0.85,2019
4,5,Minnesota Vikings,16,303,5465,1053,5.2,31,14,324,394,601,3737,23,17,5.8,215,404,1728,8,4.3,78,83,713,31,34.7,17.3,-3.88,2019
5,6,Pittsburgh Steelers,16,303,4866,1030,4.7,38,18,304,314,514,3113,23,20,5.5,164,462,1753,7,3.8,110,115,1118,30,29.4,19.8,86.78,2019
6,7,Kansas City Chiefs,16,308,5594,1043,5.4,23,7,344,352,582,3543,21,16,5.7,190,416,2051,14,4.9,115,116,844,39,34.1,13.4,-56.69,2019
7,8,San Francisco 49ers,16,310,4509,968,4.7,27,15,285,318,519,2707,23,12,4.8,150,401,1802,11,4.5,105,116,957,30,28.8,14.1,84.41,2019
8,9,Green Bay Packers,16,313,5642,998,5.7,25,8,310,326,546,3721,19,17,6.3,191,411,1921,15,4.7,99,97,968,20,34.3,14.0,-59.65,2019
9,10,Denver Broncos,16,316,5392,1003,5.4,17,7,305,348,537,3609,19,10,6.3,175,426,1783,9,4.2,96,121,1041,34,36.3,8.8,-31.98,2019
10,11,Dallas Cowboys,16,321,5232,1015,5.2,17,10,327,370,569,3576,21,7,5.9,188,407,1656,14,4.1,101,102,855,38,35.3,9.8,-31.81,2019
11,12,Tennessee Titans,16,331,5752,1056,5.4,23,9,335,386,598,4080,25,14,6.4,213,415,1672,14,4.0,95,125,1025,27,31.7,11.6,-49.2,2019
12,13,New Orleans Saints,16,341,5329,999,5.3,23,10,311,371,603,3868,27,13,5.9,197,345,1461,12,4.2,71,92,713,43,35.1,12.6,-38.89,2019
13,14,Los Angeles Chargers,16,345,5009,923,5.4,14,3,285,328,464,3204,21,11,6.5,156,429,1805,15,4.2,101,108,959,28,36.6,8.7,-84.11,2019
14,15,Philadelphia Eagles,16,354,5307,967,5.5,20,9,289,348,571,3865,27,11,6.3,185,353,1442,13,4.1,76,115,959,28,33.5,10.1,-24.57,2019
15,16,New York Jets,16,359,5170,1037,5.0,21,9,302,363,585,3779,25,12,6.1,187,417,1391,12,3.3,75,107,902,40,33.7,9.8,6.94,2019
16,17,Los Angeles Rams,16,364,5434,1056,5.1,24,11,324,348,562,3625,23,13,5.9,194,444,1809,15,4.1,100,105,829,30,33.5,12.4,-10.53,2019
17,18,Indianapolis Colts,16,373,5549,986,5.6,23,8,323,394,562,3982,29,15,6.6,207,383,1567,8,4.1,93,111,1040,23,38.8,12.9,-56.37,2019
18,19,Houston Texans,16,385,6213,1020,6.1,22,10,346,375,586,4276,33,12,6.9,220,403,1937,12,4.8,98,109,859,28,38.8,12.9,-155.87,2019
19,20,Cleveland Browns,16,393,5785,1014,5.7,20,6,345,318,513,3470,25,14,6.3,184,463,2315,19,5.0,124,107,836,37,36.8,11.0,-88.15,2019
20,21,Jacksonville Jaguars,16,397,6007,999,6.0,19,9,340,327,517,3778,22,10,6.7,193,435,2229,23,5.1,114,102,883,33,37.2,9.4,-118.09,2019
21,22,Seattle Seahawks,16,398,6106,1014,6.0,32,16,346,383,598,4223,19,16,6.7,224,388,1883,22,4.9,97,96,798,25,36.9,16.2,-83.02,2019
22,23,Atlanta Falcons,16,399,5693,985,5.8,20,8,330,351,536,3918,28,12,6.9,192,421,1775,13,4.2,108,127,1080,30,42.5,9.0,-98.34,2019
23,24,Oakland Raiders,16,419,5677,963,5.9,15,6,344,337,526,4107,33,9,7.4,201,405,1570,15,3.9,91,91,763,52,41.0,8.4,-159.71,2019
24,25,Cincinnati Bengals,16,420,6299,1034,6.1,16,5,328,308,499,3917,25,11,7.4,183,504,2382,17,4.7,124,122,988,21,39.3,8.7,-130.66,2019
25,26,Detroit Lions,16,423,6406,1094,5.9,18,11,365,381,611,4551,33,7,7.1,232,455,1855,13,4.1,94,117,960,39,40.3,8.8,-137.55,2019
26,27,Washington Redskins,16,435,6162,1079,5.7,22,9,354,371,540,3823,35,13,6.5,200,493,2339,14,4.7,120,94,805,34,42.0,11.9,-132.83,2019
27,28,Arizona Cardinals,16,442,6432,1080,6.0,17,10,375,421,601,4510,38,7,7.0,243,439,1922,9,4.4,94,114,1041,38,43.0,9.3,-173.55,2019
28,29,Tampa Bay Buccaneers,16,449,5503,1073,5.1,28,16,331,408,664,4322,30,12,6.1,222,362,1181,11,3.3,70,111,971,39,39.4,13.6,20.23,2019
29,30,New York Giants,16,451,6037,1061,5.7,16,6,343,369,556,4225,30,10,7.1,211,469,1812,19,3.9,100,117,922,32,39.8,8.6,-104.11,2019
30,31,Carolina Panthers,16,470,5992,1042,5.8,21,7,355,347,544,3696,21,14,6.2,197,445,2296,31,5.2,128,109,940,30,40.1,10.2,-109.88,2019
31,32,Miami Dolphins,16,494,6364,1053,6.0,16,3,361,344,545,4198,39,13,7.4,214,485,2166,15,4.5,113,111,1084,34,45.9,8.6,-170.02,2019
0,1,Los Angeles Rams,16,296,4511,989,4.6,22,8,280,347,548,3051,17,14,5.1,170,388,1460,12,3.8,91,78,582,19,27.9,12.0,85.89,2020
1,2,Baltimore Ravens,16,303,5276,1017,5.2,22,12,347,380,596,3536,22,10,5.6,213,382,1740,12,4.6,96,77,646,38,30.0,12.4,-17.69,2020
2,3,Pittsburgh Steelers,16,312,4893,996,4.9,27,9,281,298,526,3110,22,18,5.3,163,414,1783,13,4.3,94,103,980,24,29.3,13.8,33.24,2020
3,4,Washington Football Team,16,329,4873,1004,4.9,23,7,289,330,529,3068,21,16,5.3,161,428,1805,14,4.2,100,85,708,28,31.4,12.2,32.51,2020
4,5,New Orleans Saints,16,337,4974,992,5.0,26,8,320,333,557,3472,28,18,5.8,185,390,1502,11,3.9,85,64,517,50,34.7,13.1,-40.02,2020
5,6,Miami Dolphins,16,338,5886,998,5.9,29,11,336,343,545,4024,21,18,6.9,193,412,1862,17,4.5,113,85,805,30,30.7,15.6,-36.43,2020
6,7,New England Patriots,16,353,5660,982,5.8,22,4,339,333,494,3557,22,18,6.9,187,464,2103,17,4.5,131,82,639,21,38.9,14.0,-113.1,2020
7,8,Tampa Bay Buccaneers,16,355,5234,1023,5.1,25,10,319,426,617,3945,29,15,5.9,215,358,1289,10,3.6,78,95,1015,26,33.7,14.0,-22.04,2020
8,9,New York Giants,16,357,5589,1046,5.3,22,11,353,388,574,3807,22,11,6.2,215,432,1782,14,4.1,115,88,681,23,41.5,12.2,-66.94,2020
9,10,Indianapolis Colts,16,362,5314,992,5.4,25,10,329,369,562,3866,24,15,6.4,203,390,1448,16,3.7,94,86,755,32,35.1,14.3,-75.62,2020
10,11,Kansas City Chiefs,16,362,5733,1022,5.6,22,6,353,349,557,3779,29,16,6.4,202,433,1954,14,4.5,113,97,760,38,36.1,13.0,-127.89,2020
11,12,Arizona Cardinals,16,367,5631,1054,5.3,21,10,363,365,570,3623,26,11,5.9,207,436,2008,13,4.6,118,104,841,38,37.2,10.5,-82.04,2020
12,13,Green Bay Packers,16,369,5344,974,5.5,18,7,332,346,536,3539,23,11,6.1,184,397,1805,16,4.5,119,79,734,29,39.9,11.4,-109.67,2020
13,14,Chicago Bears,16,370,5519,1020,5.4,18,8,331,350,547,3705,28,10,6.4,190,438,1814,11,4.1,104,95,861,37,38.0,8.9,-90.3,2020
14,15,Seattle Seahawks,16,371,6089,1112,5.5,22,8,376,450,674,4560,23,14,6.3,253,392,1529,18,3.9,97,94,803,26,40.0,12.0,-85.81,2020
15,16,Buffalo Bills,16,375,5640,1025,5.5,26,11,351,369,573,3726,23,15,6.1,199,414,1914,21,4.6,125,86,728,27,39.4,15.3,-123.1,2020
16,17,San Francisco 49ers,16,390,5030,997,5.0,20,8,311,341,537,3327,25,12,5.9,176,430,1703,12,4.0,102,79,709,33,38.3,10.4,-16.82,2020
17,18,Carolina Panthers,16,402,5761,1022,5.6,22,15,360,398,585,3825,28,7,6.2,211,408,1936,17,4.7,114,85,713,35,46.0,12.4,-125.54,2020
18,19,Atlanta Falcons,16,414,6374,1034,6.2,21,9,367,425,625,4697,34,12,7.2,239,380,1677,15,4.4,97,91,800,31,42.0,12.1,-148.58,2020
19,20,Philadelphia Eagles,16,418,5810,1060,5.5,19,11,340,364,530,3798,27,8,6.6,209,481,2012,20,4.2,98,112,1036,33,37.8,9.2,-71.06,2020
20,21,Cleveland Browns,16,419,5735,1035,5.5,21,10,352,371,585,3962,31,11,6.4,214,412,1773,16,4.3,116,84,690,22,43.0,12.7,-150.42,2020
21,22,Cincinnati Bengals,16,424,6227,1021,6.1,17,6,343,340,541,3859,32,11,6.9,192,463,2368,13,5.1,126,99,795,25,43.3,9.4,-142.2,2020
22,23,Los Angeles Chargers,16,426,5495,997,5.5,19,7,324,340,543,3578,29,12,6.3,186,427,1917,17,4.5,112,94,869,26,43.5,10.0,-89.82,2020
23,24,Tennessee Titans,16,439,6372,1076,5.9,23,8,391,423,630,4439,36,15,6.8,247,427,1933,18,4.5,113,103,840,31,45.2,13.3,-185.2,2020
24,25,Denver Broncos,16,446,5887,1043,5.6,16,6,333,374,567,3807,21,10,6.3,201,434,2080,22,4.8,106,106,952,26,44.6,8.2,-92.82,2020
25,26,New York Jets,16,457,6201,1081,5.7,19,9,381,418,605,4409,34,10,6.9,235,445,1792,16,4.0,100,99,899,46,44.6,10.7,-169.15,2020
26,27,Houston Texans,16,464,6668,1068,6.2,9,6,390,377,541,4104,30,3,7.1,222,493,2564,24,5.2,145,76,678,23,47.0,5.4,-242.84,2020
27,28,Dallas Cowboys,16,473,6183,1054,5.9,23,13,359,328,513,3642,34,10,6.7,180,510,2541,20,5.0,142,91,733,37,43.1,12.2,-141.7,2020
28,29,Minnesota Vikings,16,475,6292,1036,6.1,22,7,366,358,541,4141,30,15,7.3,208,472,2151,19,4.6,136,83,723,22,50.0,10.7,-180.29,2020
29,30,Las Vegas Raiders,16,478,6225,1039,6.0,15,5,381,370,580,4212,28,10,7.0,223,438,2013,24,4.6,114,95,915,44,50.3,8.4,-211.22,2020
30,31,Jacksonville Jaguars,16,492,6683,1068,6.3,17,5,394,370,533,4231,34,12,7.7,210,517,2452,23,4.7,140,78,710,44,47.8,9.2,-228.53,2020
31,32,Detroit Lions,16,519,6716,1068,6.3,12,5,415,383,557,4558,38,7,7.8,253,487,2158,27,4.4,127,103,797,35,47.9,7.1,-283.04,2020
0,1,Buffalo Bills,17,289,4637,1014,4.6,30,11,285,297,530,2771,12,19,4.8,138,442,1866,19,4.2,108,102,844,39,28.0,14.5,36.13,2021
1,2,New England Patriots,17,303,5284,1038,5.1,30,7,308,319,538,3181,21,23,5.5,176,464,2103,9,4.5,111,100,831,21,29.4,16.9,-4.84,2021
2,3,Denver Broncos,17,322,5544,1039,5.3,19,6,312,341,562,3652,22,13,6.1,192,441,1892,9,4.3,99,104,922,21,32.7,10.7,-36.14,2021
3,4,New Orleans Saints,17,335,5410,1064,5.1,25,7,304,369,592,3821,20,18,6.0,185,426,1589,12,3.7,84,89,761,35,32.3,12.8,43.03,2021
4,5,Tampa Bay Buccaneers,17,353,5635,1093,5.2,29,12,344,445,680,4062,26,17,5.6,214,366,1573,11,4.3,94,79,635,36,33.5,14.7,-0.6,2021
5,6,Tennessee Titans,17,354,5607,1039,5.4,22,6,331,395,628,4169,24,16,6.2,204,368,1438,14,3.9,90,118,1070,37,37.1,10.8,-30.56,2021
6,7,Dallas Cowboys,17,358,5967,1082,5.5,34,8,327,364,612,4049,24,26,6.2,191,429,1918,13,4.5,99,121,973,37,32.5,16.7,21.81,2021
7,8,Kansas City Chiefs,17,364,6272,1060,5.9,29,14,363,401,610,4273,27,15,6.7,209,419,1999,15,4.8,121,116,911,33,37.3,16.0,-131.68,2021
8,9,San Francisco 49ers,17,365,5270,1032,5.1,20,11,318,372,545,3510,25,9,5.9,180,439,1760,17,4.0,97,94,793,41,34.4,9.3,-52.77,2021
9,10,Indianapolis Colts,17,365,5834,1050,5.6,33,14,334,390,597,3980,32,19,6.3,213,420,1854,10,4.4,101,109,978,20,35.4,17.1,-49.31,2021
10,11,Arizona Cardinals,17,366,5597,1028,5.4,27,14,336,367,561,3645,30,13,6.1,192,426,1952,10,4.6,109,100,896,35,35.6,15.3,-19.46,2021
11,12,Seattle Seahawks,17,366,6445,1201,5.4,18,7,400,443,658,4513,24,11,6.5,240,509,1932,16,3.8,124,96,919,36,35.4,8.5,-97.48,2021
12,13,Green Bay Packers,17,371,5579,1037,5.4,26,8,337,379,603,3724,31,18,5.8,194,395,1855,13,4.7,120,88,718,23,36.6,14.0,-55.57,2021
13,14,Cleveland Browns,17,371,5296,1056,5.0,19,6,327,367,576,3439,29,13,5.6,184,437,1857,13,4.2,108,98,882,35,37.4,9.9,-54.54,2021
14,15,Los Angeles Rams,17,372,5863,1118,5.2,25,6,347,416,625,4109,17,19,6.1,214,443,1754,18,4.0,111,88,688,22,35.9,13.3,-17.07,2021
15,16,Miami Dolphins,17,373,5738,1081,5.3,26,12,337,373,608,3871,23,14,5.9,199,425,1867,16,4.4,106,109,991,32,36.3,13.0,-16.12,2021
16,17,Cincinnati Bengals,17,376,5964,1075,5.5,21,8,339,420,626,4222,26,13,6.3,213,407,1742,15,4.3,107,116,946,19,33.9,11.1,-45.38,2021
17,18,Philadelphia Eagles,17,385,5590,1076,5.2,16,4,358,409,589,3756,28,12,6.1,208,458,1834,18,4.0,115,92,824,35,37.2,8.9,-73.93,2021
18,19,Baltimore Ravens,17,392,6178,1033,6.0,15,6,340,397,621,4742,31,9,7.2,232,378,1436,13,3.8,81,98,882,27,34.2,7.9,-107.49,2021
19,20,Pittsburgh Steelers,17,398,6139,1116,5.5,22,9,354,355,563,3656,24,13,5.9,186,498,2483,17,5.0,144,123,1017,24,38.7,10.8,-55.8,2021
20,21,Carolina Panthers,17,404,5201,1028,5.1,16,7,311,337,515,3266,26,9,5.9,170,474,1935,16,4.1,112,108,896,29,37.6,8.1,-9.14,2021
21,22,Chicago Bears,17,407,5384,1009,5.3,16,8,321,314,477,3257,31,8,6.2,170,483,2127,14,4.4,116,93,856,35,40.4,8.4,-77.49,2021
22,23,New York Giants,17,416,6032,1137,5.3,22,7,365,402,611,3839,27,15,6.0,216,492,2193,15,4.5,126,107,814,23,41.3,12.0,-76.83,2021
23,24,Minnesota Vikings,17,426,6522,1152,5.7,24,8,391,401,626,4300,29,16,6.4,224,475,2222,15,4.7,131,93,786,36,40.2,11.9,-86.3,2021
24,25,Washington Football Team,17,434,6108,1065,5.7,19,8,346,400,597,4333,34,11,6.8,220,430,1775,14,4.1,101,96,803,25,42.4,10.7,-125.4,2021
25,26,Las Vegas Raiders,17,439,5732,1103,5.2,15,9,349,400,606,3789,29,6,5.9,202,462,1943,18,4.2,109,99,1021,38,41.6,7.3,-138.31,2021
26,27,Houston Texans,17,452,6535,1101,5.9,25,8,382,363,546,4117,27,17,7.1,218,523,2418,25,4.6,135,89,790,29,42.9,12.2,-143.17,2021
27,28,Jacksonville Jaguars,17,457,6002,1068,5.6,9,2,351,377,543,3875,24,7,6.7,198,493,2127,22,4.3,124,104,879,29,45.3,5.2,-154.57,2021
28,29,Atlanta Falcons,17,459,6194,1114,5.6,20,8,383,391,577,3952,31,12,6.6,214,519,2242,19,4.3,143,118,956,26,44.7,11.2,-136.74,2021
29,30,Los Angeles Chargers,17,459,6122,1103,5.6,21,10,383,357,559,3761,27,11,6.3,199,509,2361,22,4.6,144,99,835,40,45.3,11.2,-122.86,2021
30,31,Detroit Lions,17,467,6456,1092,5.9,19,8,372,359,544,4160,31,11,7.2,211,518,2296,19,4.4,135,87,818,26,47.8,10.6,-176.03,2021
31,32,New York Jets,17,504,6760,1145,5.9,14,7,401,401,587,4409,28,7,7.1,234,525,2351,28,4.5,129,84,814,38,48.9,7.4,-193.85,2021
0,1,San Francisco 49ers,17,277,5110,1026,5.0,30,10,291,389,593,3789,20,20,5.9,188,389,1321,11,3.4,77,96,832,26,25.7,15.3,56.26,2022
1,2,Buffalo Bills,16,286,5106,997,5.1,27,10,313,362,570,3433,21,17,5.6,181,387,1673,10,4.3,103,89,754,29,31.0,14.3,4.46,2022
2,3,Baltimore Ravens,17,315,5513,1047,5.3,25,11,323,394,593,3947,20,14,6.2,206,406,1566,11,3.9,91,79,650,26,35.8,13.9,-32.38,2022
3,4,New York Jets,17,316,5288,1093,4.8,16,4,310,347,556,3220,15,12,5.4,166,492,2068,14,4.2,117,90,707,27,32.3,8.3,25.96,2022
4,5,Cincinnati Bengals,16,322,5371,996,5.4,24,11,295,329,559,3665,17,13,6.2,173,407,1706,12,4.2,102,100,832,20,36.4,13.1,-20.02,2022
5,6,Dallas Cowboys,17,342,5613,1101,5.1,33,17,327,345,550,3415,23,16,5.7,174,497,2198,9,4.4,119,98,851,34,33.5,16.2,31.77,2022
6,7,Washington Commanders,17,343,5178,998,5.2,18,9,286,308,514,3252,26,9,5.8,155,441,1926,10,4.4,102,85,707,29,31.5,7.6,7.28,2022
7,8,Philadelphia Eagles,17,344,5125,1072,4.8,27,10,325,350,556,3057,22,17,4.9,186,446,2068,15,4.6,115,95,798,24,32.4,15.1,20.73,2022
8,9,New Orleans Saints,17,345,5352,1076,5.0,14,7,319,322,536,3134,17,7,5.4,159,492,2218,14,4.5,122,92,798,38,34.8,7.1,-30.6,2022
9,10,Pittsburgh Steelers,17,346,5617,1024,5.5,23,3,314,332,542,3779,29,20,6.5,196,442,1838,7,4.2,95,96,717,23,37.3,13.0,-47.1,2022
10,11,New England Patriots,17,347,5474,1091,5.0,30,11,314,364,596,3681,28,19,5.7,194,441,1793,7,4.1,90,89,699,30,30.5,14.2,55.35,2022
11,12,Jacksonville Jaguars,17,350,6006,1106,5.4,27,13,350,385,601,4055,25,14,6.4,211,470,1951,14,4.2,114,90,683,25,36.1,14.4,-52.27,2022
12,13,Tampa Bay Buccaneers,17,358,5513,1073,5.1,20,10,314,364,570,3461,29,10,5.6,186,458,2052,12,4.5,103,97,863,25,33.0,10.2,-36.51,2022
13,14,Denver Broncos,17,359,5440,1079,5.0,23,8,324,392,605,3574,20,15,5.6,180,438,1866,12,4.3,109,106,922,35,35.9,10.6,7.24,2022
14,15,Tennessee Titans,17,359,5978,1100,5.4,20,6,339,439,671,4671,29,14,6.6,215,390,1307,9,3.4,93,115,836,31,33.9,10.6,-52.12,2022
15,16,Kansas City Chiefs,17,369,5579,1093,5.1,20,9,337,408,619,3756,33,11,5.6,207,419,1823,10,4.4,102,98,734,28,35.9,10.3,-65.59,2022
16,17,Green Bay Packers,17,371,5721,991,5.8,24,7,321,314,478,3349,22,17,6.5,163,479,2372,18,5.0,129,100,916,29,38.2,13.9,-63.86,2022
17,18,New York Giants,17,371,6089,1078,5.6,19,13,370,349,568,3638,21,6,6.0,200,469,2451,16,5.2,134,111,819,36,39.8,8.8,-125.22,2022
18,19,Carolina Panthers,17,374,5953,1103,5.4,17,7,346,383,580,3868,25,10,6.3,194,488,2085,17,4.3,125,105,866,27,34.2,8.3,-52.04,2022
19,20,Cleveland Browns,17,381,5631,1041,5.4,20,9,329,315,519,3336,20,11,6.0,166,488,2295,22,4.7,129,88,714,34,38.5,10.2,-57.92,2022
20,21,Los Angeles Chargers,17,384,5884,1002,5.9,24,10,318,310,505,3406,24,14,6.2,175,457,2478,17,5.4,119,80,762,24,37.2,11.2,-84.56,2022
21,22,Los Angeles Rams,17,384,5798,1049,5.5,22,6,331,375,556,3842,23,16,6.5,203,455,1956,12,4.3,106,82,691,22,41.0,12.1,-75.59,2022
22,23,Atlanta Falcons,17,386,6156,1082,5.7,17,7,351,372,561,3942,26,10,6.8,200,500,2214,15,4.4,136,100,804,15,43.5,10.0,-123.5,2022
23,24,Miami Dolphins,17,399,5743,1086,5.3,14,6,336,416,624,3992,27,8,6.0,200,422,1751,15,4.1,98,84,799,38,37.5,7.6,-66.41,2022
24,25,Seattle Seahawks,17,401,6149,1117,5.5,25,11,347,343,547,3595,23,14,6.1,188,525,2554,21,4.9,130,98,818,29,37.2,12.2,-113.17,2022
25,26,Las Vegas Raiders,17,418,6216,1077,5.8,13,7,360,399,590,4129,25,6,6.7,206,460,2087,20,4.5,126,93,758,28,40.8,7.3,-132.08,2022
26,27,Houston Texans,17,420,6452,1134,5.7,27,11,372,336,522,3558,15,16,6.3,196,573,2894,25,5.1,150,95,773,26,35.2,11.9,-80.38,2022
27,28,Minnesota Vikings,17,427,6608,1118,5.9,25,10,359,408,617,4515,23,15,6.9,224,463,2093,18,4.5,113,111,926,22,41.1,12.0,-104.0,2022
28,29,Detroit Lions,17,427,6670,1076,6.2,22,10,377,353,560,4179,26,12,7.0,209,477,2491,22,5.2,135,103,818,33,41.2,11.9,-159.66,2022
29,30,Indianapolis Colts,17,427,5678,1092,5.2,21,11,344,365,537,3569,25,10,6.1,184,511,2109,20,4.1,127,89,725,33,36.0,10.2,-51.07,2022
30,31,Arizona Cardinals,17,449,5931,1075,5.5,20,9,363,414,593,3915,29,11,6.2,218,446,2016,21,4.5,124,94,757,21,41.6,10.5,-81.73,2022
31,32,Chicago Bears,17,463,6390,1043,6.1,23,9,361,323,481,3716,22,14,7.4,184,542,2674,31,4.9,151,84,647,26,41.8,11.9,-169.13,2022
