,Rk,Player,Tm,Age,Pos,G,GS,FGA,FGM,FGA,FGM,FGA,FGM,FGA,FGM,FGA,FGM,FGA,FGM,Lng,FG%,XPA,XPM,XP%,KO,KOYds,TB,TB%,KOAvg,
0,1,David Akers,SFO,38,K,16,0,1.0,1.0,9.0,8.0,13.0,11.0,13.0,7.0,6.0,2.0,42.0,29.0,63.0,69.0%,44.0,44.0,100.0%,87.0,5694.0,40.0,46.0%,65.4,2012
1,2,Lawrence Tynes,NYG,34,K,16,0,,,11.0,11.0,16.0,14.0,9.0,7.0,3.0,1.0,39.0,33.0,50.0,84.6%,46.0,46.0,100.0%,94.0,6010.0,24.0,25.5%,63.9,2012
2,3,Shayne Graham,HOU,35,K,16,0,1.0,1.0,8.0,8.0,11.0,11.0,9.0,7.0,9.0,4.0,38.0,31.0,51.0,81.6%,45.0,45.0,100.0%,91.0,5632.0,28.0,30.8%,61.9,2012
3,4,Matt Bryant,ATL,37,K,16,0,1.0,1.0,9.0,8.0,11.0,10.0,13.0,10.0,4.0,4.0,38.0,33.0,55.0,86.8%,44.0,44.0,100.0%,,,,,,2012
4,5,Blair Walsh*+,MIN,22,K,16,0,,,10.0,10.0,9.0,8.0,9.0,7.0,10.0,10.0,38.0,35.0,56.0,92.1%,36.0,36.0,100.0%,86.0,5633.0,53.0,61.6%,65.5,2012
5,6,Jason Hanson,DET,42,K,16,0,1.0,1.0,3.0,3.0,10.0,10.0,19.0,16.0,3.0,2.0,36.0,32.0,53.0,88.9%,38.0,38.0,100.0%,87.0,5282.0,30.0,34.5%,60.7,2012
6,7,Stephen Gostkowski,NWE,28,K,16,0,,,8.0,8.0,12.0,10.0,13.0,9.0,2.0,2.0,35.0,29.0,53.0,82.9%,66.0,66.0,100.0%,111.0,7061.0,52.0,46.8%,63.6,2012
7,8,Sebastian Janikowski,OAK,34,K,16,0,1.0,1.0,9.0,9.0,10.0,10.0,5.0,5.0,9.0,6.0,34.0,31.0,57.0,91.2%,25.0,25.0,100.0%,73.0,4473.0,38.0,52.1%,61.3,2012
8,9,Ryan Succop,KAN,26,K,16,0,,,5.0,4.0,15.0,12.0,12.0,10.0,2.0,2.0,34.0,28.0,52.0,82.4%,17.0,17.0,100.0%,58.0,3579.0,27.0,46.6%,61.7,2012
9,10,Mason Crosby,GNB,28,K,16,0,,,5.0,5.0,7.0,5.0,12.0,9.0,9.0,2.0,33.0,21.0,54.0,63.6%,50.0,50.0,100.0%,88.0,5531.0,35.0,39.8%,62.9,2012
10,11,Justin Tucker,BAL,23,K,16,0,,,8.0,8.0,8.0,8.0,13.0,10.0,4.0,4.0,33.0,30.0,56.0,90.9%,42.0,42.0,100.0%,88.0,5607.0,49.0,55.7%,63.7,2012
11,12,Connor Barth,TAM,26,K,15,0,,,7.0,7.0,4.0,3.0,13.0,12.0,9.0,6.0,33.0,28.0,57.0,84.8%,39.0,39.0,100.0%,,,,,,2012
12,13,Adam Vinatieri,IND,40,K,16,0,1.0,1.0,8.0,8.0,7.0,4.0,10.0,9.0,7.0,4.0,33.0,26.0,53.0,78.8%,37.0,37.0,100.0%,,,,,,2012
13,14,Matt Prater,DEN,28,K,16,0,1.0,1.0,7.0,7.0,11.0,10.0,9.0,5.0,4.0,3.0,32.0,26.0,53.0,81.3%,55.0,55.0,100.0%,98.0,6254.0,65.0,66.3%,63.8,2012
14,15,Dan Bailey,DAL,24,K,16,0,1.0,1.0,5.0,5.0,13.0,13.0,7.0,7.0,5.0,3.0,31.0,29.0,51.0,93.5%,37.0,37.0,100.0%,84.0,5089.0,30.0,35.7%,60.6,2012
15,16,Rob Bironas,TEN,34,K,16,0,,,6.0,6.0,13.0,13.0,10.0,5.0,2.0,1.0,31.0,25.0,53.0,80.6%,35.0,35.0,100.0%,74.0,4583.0,37.0,50.0%,61.9,2012
16,17,Shaun Suisham,PIT,31,K,16,0,,,8.0,7.0,8.0,8.0,12.0,12.0,3.0,1.0,31.0,28.0,52.0,90.3%,34.0,34.0,100.0%,75.0,4746.0,29.0,38.7%,63.3,2012
17,18,Phil Dawson*,CLE,37,K,16,0,,,9.0,8.0,9.0,8.0,6.0,6.0,7.0,7.0,31.0,29.0,53.0,93.5%,29.0,29.0,100.0%,77.0,4820.0,30.0,39.0%,62.6,2012
18,19,Alex Henery,PHI,25,K,16,0,,,9.0,8.0,9.0,8.0,12.0,11.0,1.0,,31.0,27.0,49.0,87.1%,26.0,25.0,96.2%,70.0,4405.0,26.0,37.1%,62.9,2012
19,20,Greg Zuerlein,STL,25,K,16,0,1.0,1.0,4.0,4.0,6.0,4.0,7.0,7.0,13.0,7.0,31.0,23.0,60.0,74.2%,26.0,26.0,100.0%,67.0,4388.0,37.0,55.2%,65.5,2012
20,21,Jay Feely,ARI,36,K,16,0,,,6.0,6.0,10.0,9.0,10.0,8.0,2.0,2.0,28.0,25.0,61.0,89.3%,25.0,25.0,100.0%,63.0,3928.0,29.0,46.0%,62.3,2012
21,22,Josh Scobee,JAX,30,K,16,0,1.0,1.0,4.0,4.0,8.0,8.0,13.0,11.0,2.0,1.0,28.0,25.0,50.0,89.3%,19.0,18.0,94.7%,69.0,4356.0,26.0,37.7%,63.1,2012
22,23,Stephen Hauschka,SEA,27,K,16,0,1.0,1.0,7.0,7.0,10.0,10.0,5.0,5.0,4.0,1.0,27.0,24.0,52.0,88.9%,48.0,46.0,95.8%,87.0,5623.0,36.0,41.4%,64.6,2012
23,24,Nick Folk,NYJ,28,K,16,0,,,8.0,7.0,8.0,6.0,7.0,5.0,4.0,3.0,27.0,21.0,54.0,77.8%,30.0,30.0,100.0%,68.0,4231.0,12.0,17.6%,62.2,2012
24,25,Dan Carpenter,MIA,27,K,14,0,,,3.0,3.0,9.0,9.0,10.0,8.0,5.0,2.0,27.0,22.0,53.0,81.5%,26.0,26.0,100.0%,65.0,4169.0,30.0,46.2%,64.1,2012
25,26,Robbie Gould,CHI,30,K,13,0,,,7.0,7.0,7.0,5.0,9.0,7.0,2.0,2.0,25.0,21.0,54.0,84.0%,33.0,33.0,100.0%,66.0,4306.0,38.0,57.6%,65.2,2012
26,27,Rian Lindell,BUF,35,K,16,0,1.0,1.0,3.0,3.0,11.0,10.0,7.0,6.0,2.0,1.0,24.0,21.0,50.0,87.5%,39.0,39.0,100.0%,47.0,2878.0,7.0,14.9%,61.2,2012
27,28,Mike Nugent,CIN,30,K,12,0,2.0,2.0,5.0,5.0,5.0,5.0,9.0,6.0,2.0,1.0,23.0,19.0,55.0,82.6%,35.0,35.0,100.0%,65.0,4252.0,21.0,32.3%,65.4,2012
28,29,Garrett Hartley,NOR,26,K,16,0,,,9.0,9.0,6.0,4.0,3.0,2.0,4.0,3.0,22.0,18.0,53.0,81.8%,57.0,57.0,100.0%,2.0,24.0,,,12.0,2012
29,30,Nick Novak,SDG,31,K,13,0,1.0,1.0,5.0,5.0,6.0,6.0,4.0,4.0,4.0,2.0,20.0,18.0,51.0,90.0%,33.0,33.0,100.0%,62.0,3951.0,22.0,35.5%,63.7,2012
30,31,Kai Forbath,WAS,25,K,11,0,,,3.0,3.0,3.0,2.0,11.0,11.0,1.0,1.0,18.0,17.0,50.0,94.4%,34.0,33.0,97.1%,62.0,3853.0,15.0,24.2%,62.1,2012
31,32,Billy Cundiff,WAS,32,K,5,0,,,1.0,1.0,5.0,3.0,4.0,3.0,2.0,,12.0,7.0,45.0,58.3%,17.0,17.0,100.0%,29.0,1841.0,18.0,62.1%,63.5,2012
32,33,Josh Brown,CIN,33,K,4,0,,,3.0,3.0,4.0,4.0,3.0,3.0,2.0,1.0,12.0,11.0,52.0,91.7%,8.0,8.0,100.0%,23.0,1475.0,6.0,26.1%,64.1,2012
33,34,Graham Gano,CAR,25,K,6,0,,,3.0,3.0,3.0,3.0,3.0,2.0,2.0,1.0,11.0,9.0,51.0,81.8%,21.0,20.0,95.2%,35.0,2320.0,20.0,57.1%,66.3,2012
34,35,Justin Medlock,CAR,29,K,10,0,,,2.0,2.0,3.0,3.0,4.0,2.0,1.0,,10.0,7.0,45.0,70.0%,23.0,23.0,100.0%,41.0,2388.0,17.0,41.5%,58.2,2012
35,36,Nate Kaeding,2TM,30,K,5,0,1.0,1.0,3.0,3.0,,,6.0,4.0,,,10.0,8.0,45.0,80.0%,9.0,9.0,100.0%,22.0,1408.0,12.0,54.5%,64.0,2012
36,37,Olindo Mare,CHI,39,K,3,0,,,3.0,2.0,3.0,3.0,2.0,1.0,,,8.0,6.0,40.0,75.0%,7.0,7.0,100.0%,16.0,1045.0,10.0,62.5%,65.3,2012
37,38,Matthew Bosher,ATL,25,K,16,0,,,,,,,,,,,,,,,,,,94.0,6094.0,45.0,47.9%,64.8,2012
38,39,Thomas Morstead*,NOR,26,P,16,0,,,,,,,,,,,,,,,,,,90.0,5698.0,45.0,50.0%,63.3,2012
39,40,Michael Koenen,TAM,30,P,16,0,,,,,,,,,,,,,,,,,,87.0,5593.0,58.0,66.7%,64.3,2012
40,41,Pat McAfee,IND,25,K,16,0,,,,,,,,,,,,,,,,,,79.0,5213.0,45.0,57.0%,66.0,2012
41,42,Adam Podlesh,CHI,29,P,16,0,,,,,,,,,,,,,,,,,,4.0,245.0,1.0,25.0%,61.3,2012
42,43,Britton Colquitt,DEN,27,P,16,0,,,,,,,,,,,,,,,,,,1.0,60.0,,,60.0,2012
43,44,Johnny Hekker,STL,22,P,16,0,,,,,,,,,,,,,,,,,,1.0,9.0,,,9.0,2012
44,45,Donnie Jones,HOU,32,P,16,0,,,,,,,,,,,,,,,,,,1.0,58.0,,,58.0,2012
45,46,Sam Koch,BAL,30,P,16,0,,,,,,,,,,,,,,,,,,1.0,64.0,,,64.0,2012
46,47,Andy Lee+,SFO,30,P,16,0,,,,,,,,,,,,,,,,,,1.0,63.0,,,63.0,2012
47,48,Robert Malone,NYJ,24,P,16,0,,,,,,,,,,,,,,,,,,1.0,67.0,,,67.0,2012
48,49,Zoltan Mesko,NWE,26,P,16,0,,,,,,,,,,,,,,,,,,1.0,60.0,,,60.0,2012
49,50,Brad Nortman,CAR,23,P,16,0,,,,,,,,,,,,,,,,,,1.0,68.0,,,68.0,2012
50,51,Jon Ryan,SEA,31,P,16,0,,,,,,,,,,,,,,,,,,1.0,66.0,,,66.0,2012
51,52,Dave Zastudil,ARI,34,P,16,0,,,,,,,,,,,,,,,,,,1.0,62.0,,,62.0,2012
0,1,Stephen Gostkowski*,NWE,29,K,16,0,1.0,1.0,8.0,8.0,13.0,13.0,13.0,11.0,6.0,5.0,41.0,38.0,54.0,92.7%,44.0,44.0,100.0%,99.0,6315.0,65.0,65.7%,63.8,2013
1,2,Justin Tucker*+,BAL,24,K,16,0,,,9.0,9.0,14.0,13.0,11.0,10.0,7.0,6.0,41.0,38.0,61.0,92.7%,26.0,26.0,100.0%,82.0,5114.0,42.0,51.2%,62.4,2013
2,3,Adam Vinatieri,IND,41,K,15,0,,,6.0,6.0,11.0,10.0,17.0,15.0,6.0,4.0,40.0,35.0,52.0,87.5%,34.0,34.0,100.0%,,,,,,2013
3,4,Nick Novak,SDG,32,K,16,0,1.0,1.0,9.0,9.0,16.0,13.0,9.0,9.0,2.0,2.0,37.0,34.0,50.0,91.9%,42.0,42.0,100.0%,92.0,6031.0,18.0,19.6%,65.6,2013
4,5,Mason Crosby,GNB,29,K,16,0,1.0,1.0,13.0,13.0,8.0,8.0,8.0,6.0,7.0,5.0,37.0,33.0,57.0,89.2%,42.0,42.0,100.0%,57.0,3480.0,13.0,22.8%,61.1,2013
5,6,Phil Dawson,SFO,38,K,16,0,,,13.0,12.0,6.0,6.0,11.0,10.0,6.0,4.0,36.0,32.0,56.0,88.9%,44.0,44.0,100.0%,91.0,5896.0,38.0,41.8%,64.8,2013
6,7,Jay Feely,ARI,37,K,16,0,,,11.0,9.0,8.0,7.0,12.0,11.0,5.0,3.0,36.0,30.0,52.0,83.3%,37.0,37.0,100.0%,86.0,5629.0,33.0,38.4%,65.5,2013
7,8,Dan Carpenter,BUF,28,K,16,0,,,13.0,13.0,6.0,6.0,11.0,10.0,6.0,4.0,36.0,33.0,55.0,91.7%,32.0,32.0,100.0%,83.0,5286.0,34.0,41.0%,63.7,2013
8,9,Nick Folk,NYJ,29,K,16,0,,,8.0,8.0,11.0,10.0,14.0,12.0,3.0,3.0,36.0,33.0,54.0,91.7%,27.0,27.0,100.0%,73.0,4582.0,30.0,41.1%,62.8,2013
9,10,Stephen Hauschka,SEA,28,K,16,0,,,11.0,10.0,9.0,9.0,12.0,11.0,3.0,3.0,35.0,33.0,53.0,94.3%,44.0,44.0,100.0%,94.0,6118.0,48.0,51.1%,65.1,2013
10,11,Randy Bullock,HOU,24,K,16,0,1.0,1.0,7.0,7.0,5.0,5.0,17.0,12.0,5.0,1.0,35.0,26.0,51.0,74.3%,26.0,26.0,100.0%,67.0,4381.0,29.0,43.3%,65.4,2013
11,12,Caleb Sturgis,MIA,24,K,16,0,1.0,1.0,4.0,4.0,12.0,10.0,10.0,8.0,7.0,3.0,34.0,26.0,54.0,76.5%,33.0,33.0,100.0%,74.0,4783.0,38.0,51.4%,64.6,2013
12,13,Shaun Suisham,PIT,32,K,16,0,,,9.0,9.0,15.0,13.0,8.0,8.0,,,32.0,30.0,48.0,93.8%,39.0,39.0,100.0%,86.0,5123.0,24.0,27.9%,59.6,2013
13,14,Dan Bailey,DAL,25,K,16,0,2.0,2.0,2.0,2.0,9.0,8.0,10.0,10.0,7.0,6.0,30.0,28.0,53.0,93.3%,47.0,47.0,100.0%,93.0,5815.0,52.0,55.9%,62.5,2013
14,15,Blair Walsh,MIN,23,K,16,0,,,7.0,7.0,12.0,12.0,6.0,5.0,5.0,2.0,30.0,26.0,54.0,86.7%,44.0,43.0,97.7%,84.0,5241.0,43.0,51.2%,62.4,2013
15,16,Garrett Hartley,NOR,27,K,14,0,2.0,2.0,6.0,5.0,8.0,5.0,13.0,9.0,1.0,1.0,30.0,22.0,55.0,73.3%,41.0,41.0,100.0%,1.0,9.0,,,9.0,2013
16,17,Sebastian Janikowski,OAK,35,K,16,0,,,6.0,6.0,6.0,4.0,11.0,8.0,7.0,3.0,30.0,21.0,53.0,70.0%,37.0,37.0,100.0%,74.0,4363.0,38.0,51.4%,59.0,2013
17,18,Robbie Gould,CHI,31,K,16,0,,,11.0,11.0,7.0,6.0,7.0,6.0,4.0,3.0,29.0,26.0,58.0,89.7%,46.0,45.0,97.8%,89.0,5228.0,38.0,42.7%,58.7,2013
18,19,Rob Bironas,TEN,35,K,16,0,,,10.0,10.0,9.0,8.0,7.0,5.0,3.0,2.0,29.0,25.0,55.0,86.2%,41.0,41.0,100.0%,80.0,4875.0,32.0,40.0%,60.9,2013
19,20,Rian Lindell,TAM,36,K,16,0,,,3.0,3.0,14.0,12.0,6.0,4.0,6.0,4.0,29.0,23.0,54.0,79.3%,31.0,31.0,100.0%,,,,,,2013
20,21,Ryan Succop,KAN,27,K,16,0,,,6.0,6.0,10.0,9.0,8.0,6.0,4.0,1.0,28.0,22.0,51.0,78.6%,52.0,52.0,100.0%,91.0,5860.0,47.0,51.6%,64.4,2013
21,22,Alex Henery,PHI,26,K,16,0,,,8.0,8.0,8.0,7.0,10.0,7.0,2.0,1.0,28.0,23.0,51.0,82.1%,45.0,45.0,100.0%,90.0,5583.0,37.0,41.1%,62.0,2013
22,23,Greg Zuerlein,STL,26,K,16,0,,,7.0,7.0,10.0,10.0,9.0,8.0,2.0,1.0,28.0,26.0,54.0,92.9%,34.0,34.0,100.0%,78.0,5094.0,52.0,66.7%,65.3,2013
23,24,Graham Gano,CAR,26,K,16,0,,,9.0,9.0,5.0,4.0,7.0,5.0,6.0,6.0,27.0,24.0,55.0,88.9%,42.0,42.0,100.0%,80.0,5185.0,63.0,78.8%,64.8,2013
24,25,Matt Bryant,ATL,38,K,16,0,,,9.0,9.0,8.0,7.0,5.0,5.0,5.0,3.0,27.0,24.0,53.0,88.9%,39.0,39.0,100.0%,,,,,,2013
25,26,Matt Prater*,DEN,29,K,16,0,2.0,2.0,4.0,4.0,5.0,5.0,8.0,8.0,7.0,6.0,26.0,25.0,64.0,96.2%,75.0,75.0,100.0%,114.0,7348.0,81.0,71.1%,64.5,2013
26,27,Billy Cundiff,CLE,33,K,16,0,,,7.0,7.0,6.0,5.0,9.0,7.0,4.0,2.0,26.0,21.0,51.0,80.8%,32.0,32.0,100.0%,65.0,4095.0,42.0,64.6%,63.0,2013
27,28,Josh Brown,NYG,34,K,16,0,,,8.0,8.0,8.0,7.0,8.0,7.0,2.0,1.0,26.0,23.0,52.0,88.5%,31.0,31.0,100.0%,70.0,4375.0,35.0,50.0%,62.5,2013
28,29,Josh Scobee,JAX,31,K,16,0,,,3.0,3.0,12.0,12.0,5.0,4.0,5.0,4.0,25.0,23.0,55.0,92.0%,23.0,22.0,95.7%,63.0,4038.0,36.0,57.1%,64.1,2013
29,30,David Akers,DET,39,K,16,0,1.0,1.0,5.0,5.0,8.0,6.0,7.0,4.0,3.0,3.0,24.0,19.0,53.0,79.2%,43.0,42.0,97.7%,14.0,858.0,7.0,50.0%,61.3,2013
30,31,Mike Nugent,CIN,31,K,16,0,,,2.0,2.0,7.0,6.0,9.0,7.0,4.0,3.0,22.0,18.0,54.0,81.8%,53.0,52.0,98.1%,86.0,5428.0,32.0,37.2%,63.1,2013
31,32,Kai Forbath,WAS,26,K,13,0,,,4.0,3.0,10.0,10.0,6.0,4.0,2.0,1.0,22.0,18.0,50.0,81.8%,26.0,26.0,100.0%,57.0,3420.0,14.0,24.6%,60.0,2013
32,33,John Potter,WAS,23,K,3,0,,,2.0,2.0,,,1.0,1.0,1.0,,4.0,3.0,43.0,75.0%,7.0,7.0,100.0%,14.0,848.0,8.0,57.1%,60.6,2013
33,34,Shayne Graham,NOR,36,K,2,0,,,1.0,1.0,,,1.0,1.0,,,2.0,2.0,40.0,100.0%,7.0,7.0,100.0%,,,,,,2013
34,35,Spencer Lanning,CLE,25,P,16,0,,,,,,,,,,,,,,,1.0,1.0,100.0%,8.0,403.0,,,50.4,2013
35,36,Pat McAfee,IND,26,K,16,0,,,,,,,,,,,,,,,,,,88.0,5647.0,41.0,46.6%,64.2,2013
36,37,Thomas Morstead,NOR,27,P,16,0,,,,,,,,,,,,,,,,,,86.0,5563.0,52.0,60.5%,64.7,2013
37,38,Matthew Bosher,ATL,26,K,16,0,,,,,,,,,,,,,,,,,,79.0,4836.0,50.0,63.3%,61.2,2013
38,39,Sam Martin,DET,23,P,16,0,,,,,,,,,,,,,,,,,,70.0,4492.0,38.0,54.3%,64.2,2013
39,40,Michael Koenen,TAM,31,P,16,0,,,,,,,,,,,,,,,,,,69.0,4294.0,41.0,59.4%,62.2,2013
40,41,Tim Masthay,GNB,26,P,16,0,,,,,,,,,,,,,,,,,,36.0,2367.0,17.0,47.2%,65.8,2013
41,42,Jeff Locke,MIN,24,P,16,0,,,,,,,,,,,,,,,,,,4.0,253.0,1.0,25.0%,63.3,2013
42,43,Johnny Hekker*+,STL,23,P,16,0,,,,,,,,,,,,,,,,,,3.0,69.0,,,23.0,2013
43,44,Brett Kern,TEN,27,P,16,0,,,,,,,,,,,,,,,,,,3.0,181.0,,,60.3,2013
44,45,Brad Nortman,CAR,24,P,16,0,,,,,,,,,,,,,,,,,,2.0,120.0,,,60.0,2013
45,46,Britton Colquitt,DEN,28,P,16,0,,,,,,,,,,,,,,,,,,1.0,62.0,,,62.0,2013
46,47,Dustin Colquitt,KAN,31,P,16,0,,,,,,,,,,,,,,,,,,1.0,77.0,,,77.0,2013
47,48,Brandon Fields*,MIA,29,P,16,0,,,,,,,,,,,,,,,,,,1.0,53.0,,,53.0,2013
48,49,Shane Lechler,HOU,37,P,16,0,,,,,,,,,,,,,,,,,,1.0,68.0,,,68.0,2013
49,50,Andy Lee,SFO,31,P,16,0,,,,,,,,,,,,,,,,,,1.0,53.0,,,53.0,2013
50,51,Adam Podlesh,CHI,30,P,16,0,,,,,,,,,,,,,,,,,,1.0,43.0,,,43.0,2013
51,52,Saverio Rocca,WAS,40,P,16,0,,,,,,,,,,,,,,,,,,1.0,56.0,,,56.0,2013
52,53,Steve Weatherford,NYG,31,P,16,0,,,,,,,,,,,,,,,,,,1.0,49.0,,,49.0,2013
53,54,Dave Zastudil,ARI,35,P,16,0,,,,,,,,,,,,,,,,,,1.0,51.0,,,51.0,2013
0,1,Nick Folk,NYJ,30,K,16,0,,,13.0,13.0,7.0,7.0,13.0,9.0,6.0,3.0,39.0,32.0,55.0,82.1%,23.0,23.0,100.0%,69.0,4340.0,21.0,30.4%,62.9,2014
1,2,Dan Carpenter,BUF,29,K,16,0,,,10.0,10.0,12.0,11.0,8.0,7.0,8.0,6.0,38.0,34.0,58.0,89.5%,32.0,31.0,96.9%,,,,,,2014
2,3,Stephen Gostkowski*,NWE,30,K,16,0,1.0,1.0,11.0,11.0,11.0,10.0,13.0,12.0,1.0,1.0,37.0,35.0,53.0,94.6%,51.0,51.0,100.0%,99.0,6328.0,53.0,53.5%,63.9,2014
3,4,Stephen Hauschka,SEA,29,K,16,0,,,10.0,10.0,10.0,10.0,13.0,9.0,4.0,2.0,37.0,31.0,58.0,83.8%,41.0,41.0,100.0%,88.0,5728.0,46.0,52.3%,65.1,2014
4,5,Caleb Sturgis,MIA,25,K,16,0,1.0,1.0,12.0,12.0,8.0,7.0,10.0,6.0,6.0,3.0,37.0,29.0,53.0,78.4%,41.0,41.0,100.0%,85.0,5448.0,37.0,43.5%,64.1,2014
5,6,Cody Parkey*,PHI,22,K,16,0,,,10.0,10.0,16.0,14.0,6.0,4.0,4.0,4.0,36.0,32.0,54.0,88.9%,54.0,54.0,100.0%,98.0,6401.0,46.0,46.9%,65.3,2014
6,7,Randy Bullock,HOU,25,K,16,0,,,7.0,6.0,15.0,13.0,8.0,7.0,5.0,4.0,35.0,30.0,55.0,85.7%,40.0,40.0,100.0%,86.0,5613.0,40.0,46.5%,65.3,2014
7,8,Graham Gano,CAR,27,K,16,0,,,7.0,7.0,14.0,13.0,11.0,8.0,3.0,1.0,35.0,29.0,53.0,82.9%,34.0,34.0,100.0%,79.0,5196.0,61.0,77.2%,65.8,2014
8,9,Blair Walsh,MIN,24,K,16,0,2.0,2.0,5.0,4.0,10.0,8.0,9.0,7.0,9.0,5.0,35.0,26.0,55.0,74.3%,29.0,29.0,100.0%,76.0,4792.0,48.0,63.2%,63.1,2014
9,10,Justin Tucker,BAL,25,K,16,0,,,10.0,10.0,11.0,11.0,4.0,4.0,9.0,4.0,34.0,29.0,55.0,85.3%,42.0,42.0,100.0%,88.0,5704.0,60.0,68.2%,64.8,2014
10,11,Mason Crosby,GNB,30,K,16,0,,,7.0,7.0,11.0,10.0,8.0,6.0,7.0,4.0,33.0,27.0,55.0,81.8%,55.0,53.0,96.4%,102.0,6288.0,41.0,40.2%,61.6,2014
11,12,Mike Nugent,CIN,32,K,16,0,,,6.0,6.0,12.0,10.0,12.0,10.0,3.0,,33.0,26.0,49.0,78.8%,39.0,39.0,100.0%,81.0,5316.0,37.0,45.7%,65.6,2014
12,13,Chandler Catanzaro,ARI,23,K,16,0,,,5.0,5.0,14.0,12.0,11.0,10.0,3.0,2.0,33.0,29.0,51.0,87.9%,27.0,27.0,100.0%,76.0,5054.0,38.0,50.0%,66.5,2014
13,14,Shaun Suisham,PIT,33,K,16,0,,,13.0,12.0,6.0,6.0,10.0,10.0,3.0,1.0,32.0,29.0,53.0,90.6%,45.0,45.0,100.0%,89.0,5552.0,32.0,36.0%,62.4,2014
14,15,Matt Bryant,ATL,39,K,16,0,,,10.0,10.0,4.0,4.0,8.0,8.0,10.0,7.0,32.0,29.0,54.0,90.6%,40.0,40.0,100.0%,,,,,,2014
15,16,Adam Vinatieri*+,IND,42,K,16,0,,,10.0,10.0,10.0,10.0,8.0,7.0,3.0,3.0,31.0,30.0,53.0,96.8%,50.0,50.0,100.0%,,,,,,2014
16,17,Phil Dawson,SFO,39,K,16,0,,,6.0,6.0,9.0,8.0,7.0,5.0,9.0,6.0,31.0,25.0,55.0,80.6%,33.0,33.0,100.0%,73.0,4721.0,32.0,43.8%,64.7,2014
17,18,Cairo Santos,KAN,23,K,16,0,1.0,1.0,10.0,10.0,6.0,5.0,11.0,8.0,2.0,1.0,30.0,25.0,53.0,83.3%,38.0,38.0,100.0%,80.0,5085.0,26.0,32.5%,63.6,2014
18,19,Greg Zuerlein,STL,27,K,16,0,1.0,1.0,7.0,6.0,12.0,10.0,3.0,2.0,7.0,5.0,30.0,24.0,56.0,80.0%,35.0,34.0,97.1%,73.0,4862.0,38.0,52.1%,66.6,2014
19,20,Dan Bailey,DAL,26,K,16,0,,,6.0,6.0,7.0,6.0,9.0,8.0,7.0,5.0,29.0,25.0,56.0,86.2%,56.0,56.0,100.0%,98.0,6175.0,52.0,53.1%,63.0,2014
20,21,Billy Cundiff,CLE,34,K,13,0,,,6.0,6.0,13.0,10.0,7.0,5.0,3.0,1.0,29.0,22.0,52.0,75.9%,28.0,28.0,100.0%,63.0,4169.0,39.0,61.9%,66.2,2014
21,22,Kai Forbath,WAS,27,K,16,0,,,11.0,11.0,7.0,6.0,8.0,7.0,1.0,,27.0,24.0,49.0,88.9%,32.0,31.0,96.9%,54.0,3309.0,18.0,33.3%,61.3,2014
22,23,Josh Brown,NYG,35,K,16,0,1.0,1.0,7.0,6.0,9.0,9.0,5.0,4.0,4.0,4.0,26.0,24.0,53.0,92.3%,44.0,44.0,100.0%,82.0,5021.0,46.0,56.1%,61.2,2014
23,24,Nick Novak,SDG,33,K,16,0,1.0,1.0,6.0,6.0,9.0,8.0,6.0,4.0,4.0,3.0,26.0,22.0,52.0,84.6%,40.0,40.0,100.0%,78.0,4751.0,10.0,12.8%,60.9,2014
24,25,Josh Scobee,JAX,32,K,16,0,,,3.0,3.0,8.0,7.0,9.0,7.0,6.0,3.0,26.0,20.0,53.0,76.9%,23.0,23.0,100.0%,63.0,3819.0,37.0,58.7%,60.6,2014
25,26,Matt Prater,DET,30,K,11,0,,,8.0,8.0,5.0,4.0,8.0,6.0,5.0,3.0,26.0,21.0,52.0,80.8%,21.0,21.0,100.0%,,,,,,2014
26,27,Patrick Murray,TAM,23,K,16,0,,,3.0,2.0,8.0,7.0,7.0,6.0,6.0,5.0,24.0,20.0,55.0,83.3%,31.0,31.0,100.0%,,,,,,2014
27,28,Shayne Graham,NOR,37,K,16,0,,,6.0,6.0,9.0,9.0,5.0,3.0,2.0,1.0,22.0,19.0,50.0,86.4%,47.0,46.0,97.9%,2.0,20.0,,,10.0,2014
28,29,Sebastian Janikowski,OAK,36,K,16,0,,,2.0,2.0,6.0,5.0,9.0,9.0,5.0,3.0,22.0,19.0,57.0,86.4%,28.0,28.0,100.0%,61.0,3723.0,34.0,55.7%,61.0,2014
29,30,Ryan Succop,TEN,28,K,16,0,,,5.0,5.0,7.0,7.0,8.0,5.0,2.0,2.0,22.0,19.0,51.0,86.4%,27.0,27.0,100.0%,63.0,3967.0,31.0,49.2%,63.0,2014
30,31,Connor Barth,DEN,28,K,5,0,2.0,2.0,4.0,4.0,5.0,5.0,4.0,3.0,1.0,1.0,16.0,15.0,50.0,93.8%,15.0,15.0,100.0%,8.0,456.0,,,57.0,2014
31,32,Brandon McManus,DEN,23,K,15,0,,,5.0,5.0,3.0,2.0,3.0,2.0,2.0,,13.0,9.0,44.0,69.2%,41.0,41.0,100.0%,91.0,5981.0,64.0,70.3%,65.7,2014
32,33,Robbie Gould,CHI,32,K,12,0,,,4.0,4.0,3.0,2.0,4.0,3.0,1.0,,12.0,9.0,45.0,75.0%,29.0,28.0,96.6%,53.0,3179.0,21.0,39.6%,60.0,2014
33,34,Nate Freese,DET,24,K,3,0,,,2.0,2.0,1.0,1.0,4.0,,,,7.0,3.0,30.0,42.9%,6.0,6.0,100.0%,,,,,,2014
34,35,Alex Henery,DET,27,K,2,0,,,,,,,2.0,,3.0,1.0,5.0,1.0,51.0,20.0%,5.0,5.0,100.0%,,,,,,2014
35,36,Jay Feely,CHI,38,K,4,0,,,1.0,1.0,1.0,1.0,2.0,1.0,,,4.0,3.0,48.0,75.0%,6.0,5.0,83.3%,14.0,580.0,3.0,21.4%,41.4,2014
36,37,Garrett Hartley,CLE,28,K,2,0,,,,,2.0,2.0,1.0,1.0,,,3.0,3.0,43.0,100.0%,2.0,2.0,100.0%,2.0,123.0,,,61.5,2014
37,38,Pat McAfee*+,IND,27,K,16,0,,,,,,,,,,,,,,,,,,99.0,6335.0,70.0,70.7%,64.0,2014
38,39,Matthew Bosher,ATL,27,K,16,0,,,,,,,,,,,,,,,,,,83.0,5172.0,46.0,55.4%,62.3,2014
39,40,Jordan Gay,BUF,24,P,16,0,,,,,,,,,,,,,,,,,,83.0,5222.0,49.0,59.0%,62.9,2014
40,41,Thomas Morstead,NOR,28,P,16,0,,,,,,,,,,,,,,,,,,79.0,5238.0,40.0,50.6%,66.3,2014
41,42,Sam Martin,DET,24,P,16,0,,,,,,,,,,,,,,,,,,75.0,4803.0,53.0,70.7%,64.0,2014
42,43,Michael Koenen,TAM,32,P,16,0,,,,,,,,,,,,,,,,,,69.0,4429.0,31.0,44.9%,64.2,2014
43,44,Tress Way,WAS,24,P,16,0,,,,,,,,,,,,,,,,,,18.0,1174.0,9.0,50.0%,65.2,2014
44,45,Spencer Lanning,CLE,26,P,16,0,,,,,,,,,,,,,,,,,,6.0,387.0,1.0,16.7%,64.5,2014
45,46,Ryan Quigley,NYJ,24,P,16,0,,,,,,,,,,,,,,,,,,5.0,315.0,,,63.0,2014
46,47,Bryan Anger,JAX,26,P,16,0,,,,,,,,,,,,,,,,,,2.0,136.0,,,68.0,2014
47,48,Johnny Hekker,STL,24,P,16,0,,,,,,,,,,,,,,,,,,2.0,30.0,,,15.0,2014
48,49,Brett Kern,TEN,28,P,16,0,,,,,,,,,,,,,,,,,,2.0,119.0,,,59.5,2014
49,50,Tim Masthay,GNB,27,P,16,0,,,,,,,,,,,,,,,,,,2.0,119.0,,,59.5,2014
50,51,Colton Schmidt,BUF,24,P,16,0,,,,,,,,,,,,,,,,,,2.0,101.0,,,50.5,2014
51,52,Dustin Colquitt,KAN,32,P,16,0,,,,,,,,,,,,,,,,,,1.0,71.0,,,71.0,2014
52,53,Chris Jones,DAL,25,P,16,0,,,,,,,,,,,,,,,,,,1.0,57.0,,,57.0,2014
53,54,Shane Lechler,HOU,38,P,16,0,,,,,,,,,,,,,,,,,,1.0,67.0,,,67.0,2014
54,55,Jeff Locke,MIN,25,P,16,0,,,,,,,,,,,,,,,,,,1.0,50.0,,,50.0,2014
55,56,Pat O'Donnell,CHI,23,P,16,0,,,,,,,,,,,,,,,,,,1.0,65.0,1.0,100.0%,65.0,2014
56,57,Jon Ryan,SEA,33,P,16,0,,,,,,,,,,,,,,,,,,1.0,79.0,,,79.0,2014
0,1,Justin Tucker,BAL,26,K,16,0,,,10.0,10.0,9.0,9.0,11.0,10.0,10.0,4.0,40.0,33.0,52.0,82.5%,29.0,29.0,100.0%,74.0,4753.0,63.0,85.1%,64.2,2015
1,2,Blair Walsh,MIN,25,K,16,0,,,9.0,9.0,15.0,13.0,7.0,6.0,8.0,6.0,39.0,34.0,54.0,87.2%,37.0,33.0,89.2%,86.0,5651.0,47.0,54.7%,65.7,2015
2,3,Robbie Gould,CHI,33,K,16,0,1.0,1.0,8.0,8.0,12.0,10.0,9.0,7.0,9.0,7.0,39.0,33.0,55.0,84.6%,29.0,28.0,96.6%,83.0,5003.0,39.0,47.0%,60.3,2015
3,4,Cairo Santos,KAN,24,K,16,0,,,8.0,7.0,10.0,10.0,11.0,9.0,8.0,4.0,37.0,30.0,53.0,81.1%,41.0,39.0,95.1%,90.0,5721.0,40.0,44.4%,63.6,2015
4,5,Graham Gano,CAR,28,K,16,0,1.0,1.0,10.0,10.0,5.0,4.0,16.0,13.0,4.0,2.0,36.0,30.0,52.0,83.3%,59.0,56.0,94.9%,102.0,6706.0,69.0,67.6%,65.7,2015
5,6,Stephen Gostkowski*+,NWE,31,K,16,0,,,6.0,6.0,11.0,11.0,14.0,12.0,5.0,4.0,36.0,33.0,57.0,91.7%,52.0,52.0,100.0%,99.0,6249.0,69.0,69.7%,63.1,2015
6,7,Brandon McManus,DEN,24,K,16,0,,,12.0,12.0,8.0,8.0,8.0,5.0,7.0,5.0,35.0,30.0,57.0,85.7%,36.0,35.0,97.2%,81.0,5046.0,55.0,67.9%,62.3,2015
7,8,Josh Brown*,NYG,36,K,16,0,1.0,1.0,6.0,6.0,12.0,12.0,10.0,8.0,3.0,3.0,32.0,30.0,53.0,93.8%,45.0,44.0,97.8%,93.0,5697.0,37.0,39.8%,61.3,2015
8,9,Josh Lambo,SDG,25,K,16,0,,,4.0,4.0,7.0,7.0,16.0,11.0,5.0,4.0,32.0,26.0,54.0,81.3%,32.0,28.0,87.5%,75.0,4783.0,41.0,54.7%,63.8,2015
9,10,Chris Boswell,PIT,24,K,12,0,1.0,1.0,9.0,9.0,8.0,8.0,12.0,9.0,2.0,2.0,32.0,29.0,51.0,90.6%,27.0,26.0,96.3%,74.0,4680.0,26.0,35.1%,63.2,2015
10,11,Dan Bailey*,DAL,27,K,16,0,,,9.0,9.0,10.0,10.0,7.0,6.0,6.0,5.0,32.0,30.0,54.0,93.8%,25.0,25.0,100.0%,73.0,4620.0,49.0,67.1%,63.3,2015
11,12,Travis Coons,CLE,23,K,16,0,,,11.0,11.0,10.0,10.0,9.0,7.0,2.0,,32.0,28.0,47.0,87.5%,24.0,22.0,91.7%,70.0,4420.0,27.0,38.6%,63.1,2015
12,13,Chandler Catanzaro,ARI,24,K,16,0,1.0,1.0,12.0,12.0,9.0,9.0,7.0,6.0,2.0,,31.0,28.0,47.0,90.3%,58.0,53.0,91.4%,99.0,6445.0,50.0,50.5%,65.1,2015
13,14,Stephen Hauschka,SEA,30,K,16,0,,,9.0,9.0,7.0,7.0,9.0,7.0,6.0,6.0,31.0,29.0,54.0,93.5%,44.0,40.0,90.9%,91.0,5869.0,47.0,51.6%,64.5,2015
14,15,Jason Myers,JAX,24,K,16,0,,,10.0,9.0,8.0,8.0,8.0,6.0,4.0,3.0,30.0,26.0,58.0,86.7%,39.0,32.0,82.1%,84.0,5208.0,55.0,65.5%,62.0,2015
15,16,Greg Zuerlein,STL,28,K,14,0,1.0,1.0,2.0,2.0,10.0,9.0,8.0,5.0,9.0,3.0,30.0,20.0,61.0,66.7%,28.0,26.0,92.9%,64.0,4168.0,38.0,59.4%,65.1,2015
16,17,Mike Nugent,CIN,33,K,16,0,,,6.0,6.0,6.0,5.0,13.0,10.0,3.0,2.0,28.0,23.0,52.0,82.1%,49.0,48.0,98.0%,89.0,5786.0,42.0,47.2%,65.0,2015
17,18,Dustin Hopkins,WAS,25,K,15,0,,,7.0,7.0,9.0,9.0,8.0,7.0,4.0,2.0,28.0,25.0,54.0,89.3%,40.0,39.0,97.5%,80.0,4967.0,52.0,65.0%,62.1,2015
18,19,Mason Crosby,GNB,31,K,16,0,1.0,1.0,7.0,7.0,4.0,4.0,11.0,8.0,5.0,4.0,28.0,24.0,56.0,85.7%,36.0,36.0,100.0%,80.0,5050.0,41.0,51.3%,63.1,2015
19,20,Connor Barth,TAM,29,K,12,0,,,9.0,9.0,8.0,8.0,6.0,3.0,5.0,3.0,28.0,23.0,53.0,82.1%,26.0,25.0,96.2%,64.0,4062.0,32.0,50.0%,63.5,2015
20,21,Dan Carpenter,BUF,30,K,16,0,,,5.0,5.0,9.0,8.0,8.0,7.0,5.0,3.0,27.0,23.0,52.0,85.2%,40.0,34.0,85.0%,4.0,213.0,,,53.3,2015
21,22,Adam Vinatieri,IND,43,K,16,0,,,8.0,7.0,6.0,6.0,8.0,8.0,5.0,4.0,27.0,25.0,55.0,92.6%,35.0,32.0,91.4%,,,,,,2015
22,23,Phil Dawson,SFO,40,K,16,0,,,10.0,9.0,6.0,6.0,8.0,6.0,3.0,3.0,27.0,24.0,54.0,88.9%,21.0,20.0,95.2%,6.0,268.0,,,44.7,2015
23,24,Sebastian Janikowski,OAK,37,K,16,0,,,7.0,7.0,6.0,5.0,8.0,5.0,5.0,4.0,26.0,21.0,56.0,80.8%,39.0,38.0,97.4%,79.0,4941.0,44.0,55.7%,62.5,2015
24,25,Matt Prater,DET,31,K,16,0,,,3.0,3.0,9.0,8.0,6.0,6.0,6.0,5.0,24.0,22.0,59.0,91.7%,39.0,36.0,92.3%,4.0,223.0,,,55.8,2015
25,26,Randy Bullock,2TM,26,K,11,0,1.0,1.0,4.0,4.0,6.0,6.0,11.0,8.0,1.0,,23.0,19.0,49.0,82.6%,25.0,22.0,88.0%,56.0,3617.0,30.0,53.6%,64.6,2015
26,27,Caleb Sturgis,PHI,26,K,13,0,,,4.0,4.0,10.0,8.0,4.0,4.0,4.0,2.0,22.0,18.0,53.0,81.8%,37.0,35.0,94.6%,68.0,4171.0,39.0,57.4%,61.3,2015
27,28,Nick Novak,HOU,34,K,13,0,,,6.0,6.0,6.0,6.0,4.0,4.0,5.0,2.0,21.0,18.0,51.0,85.7%,31.0,29.0,93.5%,62.0,4006.0,23.0,37.1%,64.6,2015
28,29,Matt Bryant,ATL,40,K,10,0,1.0,1.0,4.0,4.0,4.0,3.0,9.0,6.0,,,18.0,14.0,47.0,77.8%,26.0,26.0,100.0%,,,,,,2015
29,30,Andrew Franks,MIA,22,K,16,0,1.0,1.0,3.0,3.0,4.0,4.0,6.0,4.0,2.0,1.0,16.0,13.0,53.0,81.3%,36.0,33.0,91.7%,66.0,4133.0,44.0,66.7%,62.6,2015
30,31,Ryan Succop,TEN,29,K,16,0,,,3.0,3.0,3.0,3.0,7.0,7.0,3.0,1.0,16.0,14.0,51.0,87.5%,31.0,29.0,93.5%,66.0,4272.0,43.0,65.2%,64.7,2015
31,32,Nick Folk,NYJ,31,K,8,0,,,2.0,2.0,6.0,6.0,6.0,3.0,2.0,2.0,16.0,13.0,55.0,81.3%,19.0,19.0,100.0%,39.0,2466.0,13.0,33.3%,63.2,2015
32,33,Kai Forbath,2TM,28,K,11,0,,,3.0,2.0,4.0,3.0,5.0,3.0,3.0,2.0,15.0,10.0,57.0,66.7%,35.0,34.0,97.1%,52.0,3410.0,22.0,42.3%,65.6,2015
33,34,Zach Hocker,2TM,24,K,8,0,,,3.0,3.0,6.0,5.0,3.0,1.0,2.0,1.0,14.0,10.0,51.0,71.4%,13.0,12.0,92.3%,12.0,777.0,9.0,75.0%,64.8,2015
34,35,Shayne Graham,ATL,38,K,5,0,,,2.0,2.0,4.0,4.0,4.0,2.0,3.0,3.0,13.0,11.0,54.0,84.6%,8.0,8.0,100.0%,,,,,,2015
35,36,Kyle Brindza,TAM,22,K,4,0,,,2.0,1.0,3.0,2.0,3.0,1.0,4.0,2.0,12.0,6.0,58.0,50.0%,8.0,6.0,75.0%,18.0,1131.0,12.0,66.7%,62.8,2015
36,37,Josh Scobee,PIT,33,K,4,0,,,2.0,2.0,1.0,1.0,7.0,3.0,,,10.0,6.0,45.0,60.0%,7.0,6.0,85.7%,20.0,1251.0,12.0,60.0%,62.6,2015
37,38,Cody Parkey,PHI,23,K,3,0,,,1.0,1.0,1.0,1.0,2.0,1.0,,,4.0,3.0,46.0,75.0%,7.0,7.0,100.0%,13.0,754.0,3.0,23.1%,58.0,2015
38,39,Ryan Quigley,NYJ,25,P,15,0,,,,,,,,,,,,,,,4.0,4.0,100.0%,5.0,337.0,1.0,20.0%,67.4,2015
39,40,Jordan Gay,BUF,25,P,14,0,,,,,,,,,,,,,,,,,,77.0,4815.0,42.0,54.5%,62.5,2015
40,41,Pat McAfee,IND,28,K,16,0,,,,,,,,,,,,,,,,,,77.0,4832.0,67.0,87.0%,62.8,2015
41,42,Matthew Bosher,ATL,28,K,16,0,,,,,,,,,,,,,,,,,,76.0,4875.0,52.0,68.4%,64.1,2015
42,43,Sam Martin,DET,25,P,16,0,,,,,,,,,,,,,,,,,,73.0,4603.0,40.0,54.8%,63.1,2015
43,44,Bradley Pinion,SFO,21,P,16,0,,,,,,,,,,,,,,,,,,57.0,3707.0,38.0,66.7%,65.0,2015
44,45,Thomas Morstead,NOR,29,P,14,0,,,,,,,,,,,,,,,,,,23.0,1455.0,16.0,69.6%,63.3,2015
45,46,Matt Darr,MIA,23,P,16,0,,,,,,,,,,,,,,,,,,6.0,258.0,,,43.0,2015
46,47,Nate Ebner,NWE,27,DB,15,0,,,,,,,,,,,,,,,,,,2.0,35.0,,,17.5,2015
47,48,Johnny Hekker*+,STL,25,P,16,0,,,,,,,,,,,,,,,,,,2.0,133.0,1.0,50.0%,66.5,2015
48,49,Marquette King,OAK,27,P,16,0,,,,,,,,,,,,,,,,,,2.0,123.0,,,61.5,2015
49,50,Tress Way,WAS,25,P,16,0,,,,,,,,,,,,,,,,,,2.0,120.0,,,60.0,2015
50,51,Britton Colquitt,DEN,30,P,16,0,,,,,,,,,,,,,,,,,,1.0,63.0,,,63.0,2015
51,52,Jeff Locke,MIN,26,P,16,0,,,,,,,,,,,,,,,,,,1.0,44.0,,,44.0,2015
52,53,Tim Masthay,GNB,28,P,16,0,,,,,,,,,,,,,,,,,,1.0,56.0,,,56.0,2015
53,54,Brad Nortman,CAR,26,P,16,0,,,,,,,,,,,,,,,,,,1.0,51.0,,,51.0,2015
54,55,Jon Ryan,SEA,34,P,16,0,,,,,,,,,,,,,,,,,,1.0,61.0,,,61.0,2015
55,56,Mike Scifres,SDG,35,P,16,0,,,,,,,,,,,,,,,,,,1.0,56.0,,,56.0,2015
0,1,Dustin Hopkins,WAS,26,K,16,0,,,12.0,12.0,14.0,12.0,9.0,7.0,7.0,3.0,42.0,34.0,53.0,81.0%,39.0,36.0,92.3%,92.0,5788.0,65.0,70.7%,62.9,2016
1,2,Caleb Sturgis,PHI,27,K,16,0,,,12.0,12.0,12.0,12.0,11.0,7.0,6.0,4.0,41.0,35.0,55.0,85.4%,31.0,30.0,96.8%,87.0,5439.0,46.0,52.9%,62.5,2016
2,3,Nick Novak,HOU,35,K,16,0,1.0,1.0,12.0,12.0,11.0,11.0,11.0,8.0,6.0,3.0,41.0,35.0,53.0,85.4%,25.0,22.0,88.0%,74.0,4444.0,23.0,31.1%,60.1,2016
3,4,Justin Tucker*+,BAL,27,K,16,0,,,4.0,4.0,11.0,10.0,14.0,14.0,10.0,10.0,39.0,38.0,57.0,97.4%,27.0,27.0,100.0%,80.0,5039.0,52.0,65.0%,63.0,2016
4,5,Graham Gano,CAR,29,K,16,0,,,4.0,4.0,11.0,9.0,17.0,14.0,6.0,3.0,38.0,30.0,54.0,78.9%,34.0,31.0,91.2%,86.0,5497.0,63.0,73.3%,63.9,2016
5,6,Matt Bryant*,ATL,41,K,16,0,,,12.0,12.0,8.0,7.0,9.0,9.0,8.0,6.0,37.0,34.0,59.0,91.9%,57.0,56.0,98.2%,,,,,,2016
6,7,Stephen Hauschka,SEA,31,K,16,0,,,13.0,11.0,13.0,13.0,10.0,8.0,1.0,1.0,37.0,33.0,53.0,89.2%,35.0,29.0,82.9%,86.0,5477.0,54.0,62.8%,63.7,2016
7,8,Matt Prater*,DET,32,K,16,0,,,10.0,10.0,5.0,4.0,14.0,10.0,7.0,7.0,36.0,31.0,58.0,86.1%,33.0,31.0,93.9%,2.0,116.0,1.0,50.0%,58.0,2016
8,9,Sebastian Janikowski,OAK,38,K,16,0,1.0,1.0,9.0,9.0,6.0,6.0,11.0,10.0,8.0,3.0,35.0,29.0,56.0,82.9%,39.0,37.0,94.9%,88.0,5630.0,43.0,48.9%,64.0,2016
9,10,Cairo Santos,KAN,25,K,16,0,,,9.0,8.0,17.0,15.0,7.0,6.0,2.0,2.0,35.0,31.0,53.0,88.6%,39.0,36.0,92.3%,86.0,5355.0,48.0,55.8%,62.3,2016
10,11,Wil Lutz,NOR,22,K,16,0,1.0,1.0,7.0,7.0,11.0,9.0,8.0,8.0,7.0,3.0,34.0,28.0,57.0,82.4%,50.0,49.0,98.0%,93.0,5693.0,49.0,52.7%,61.2,2016
11,12,Brandon McManus,DEN,25,K,16,0,,,9.0,9.0,10.0,10.0,9.0,7.0,6.0,3.0,34.0,29.0,55.0,85.3%,33.0,32.0,97.0%,79.0,4836.0,51.0,64.6%,61.2,2016
12,13,Jason Myers,JAX,25,K,16,0,,,7.0,7.0,4.0,3.0,11.0,10.0,12.0,7.0,34.0,27.0,56.0,79.4%,32.0,29.0,90.6%,76.0,4673.0,60.0,78.9%,61.5,2016
13,14,Stephen Gostkowski,NWE,32,K,16,0,,,9.0,9.0,9.0,6.0,10.0,9.0,4.0,3.0,32.0,27.0,53.0,84.4%,49.0,46.0,93.9%,93.0,5924.0,52.0,55.9%,63.7,2016
14,15,Dan Bailey,DAL,28,K,16,0,,,9.0,9.0,8.0,8.0,9.0,7.0,6.0,3.0,32.0,27.0,56.0,84.4%,46.0,46.0,100.0%,91.0,5827.0,57.0,62.6%,64.0,2016
15,16,Josh Lambo,SDG,26,K,16,0,,,7.0,7.0,14.0,13.0,8.0,6.0,3.0,,32.0,26.0,47.0,81.3%,46.0,42.0,91.3%,91.0,5694.0,67.0,73.6%,62.6,2016
16,17,Adam Vinatieri,IND,44,K,16,0,,,3.0,3.0,7.0,7.0,12.0,10.0,9.0,7.0,31.0,27.0,54.0,87.1%,44.0,44.0,100.0%,,,,,,2016
17,18,Roberto Aguayo,TAM,22,K,16,0,,,5.0,5.0,15.0,13.0,10.0,4.0,1.0,,31.0,22.0,43.0,71.0%,34.0,32.0,94.1%,79.0,4993.0,52.0,65.8%,63.2,2016
18,19,Nick Folk,NYJ,32,K,16,0,,,13.0,12.0,11.0,10.0,3.0,3.0,4.0,2.0,31.0,27.0,51.0,87.1%,26.0,24.0,92.3%,70.0,4425.0,39.0,55.7%,63.2,2016
19,20,Mason Crosby,GNB,32,K,16,0,1.0,1.0,6.0,6.0,14.0,12.0,7.0,6.0,2.0,1.0,30.0,26.0,53.0,86.7%,47.0,44.0,93.6%,89.0,5608.0,46.0,51.7%,63.0,2016
20,21,Mike Nugent,CIN,34,K,13,0,,,9.0,9.0,10.0,9.0,7.0,5.0,3.0,,29.0,23.0,47.0,79.3%,29.0,23.0,79.3%,63.0,3970.0,28.0,44.4%,63.0,2016
21,22,Chandler Catanzaro,ARI,25,K,16,0,1.0,1.0,6.0,5.0,7.0,6.0,8.0,6.0,6.0,3.0,28.0,21.0,60.0,75.0%,47.0,43.0,91.5%,83.0,5220.0,52.0,62.7%,62.9,2016
22,23,Dan Carpenter,BUF,31,K,16,0,1.0,1.0,8.0,8.0,5.0,5.0,9.0,4.0,2.0,1.0,25.0,19.0,54.0,76.0%,45.0,40.0,88.9%,69.0,4154.0,28.0,40.6%,60.2,2016
23,24,Chris Boswell,PIT,25,K,15,0,,,2.0,2.0,9.0,8.0,12.0,11.0,2.0,,25.0,21.0,49.0,84.0%,36.0,36.0,100.0%,80.0,4953.0,49.0,61.3%,61.9,2016
24,25,Cody Parkey,CLE,24,K,14,0,,,6.0,6.0,6.0,6.0,12.0,7.0,1.0,1.0,25.0,20.0,51.0,80.0%,21.0,20.0,95.2%,57.0,3475.0,34.0,59.6%,61.0,2016
25,26,Ryan Succop,TEN,30,K,16,0,1.0,1.0,5.0,5.0,5.0,5.0,8.0,8.0,5.0,3.0,24.0,22.0,53.0,91.7%,41.0,39.0,95.1%,82.0,5086.0,58.0,70.7%,62.0,2016
26,27,Connor Barth,CHI,30,K,16,0,,,8.0,7.0,8.0,7.0,4.0,3.0,3.0,1.0,23.0,18.0,54.0,78.3%,32.0,31.0,96.9%,64.0,3973.0,26.0,40.6%,62.1,2016
27,28,Greg Zuerlein,LAR,29,K,16,0,,,5.0,5.0,9.0,9.0,4.0,3.0,4.0,2.0,22.0,19.0,54.0,86.4%,23.0,23.0,100.0%,59.0,3794.0,36.0,61.0%,64.3,2016
28,29,Andrew Franks,MIA,23,K,16,0,,,10.0,8.0,6.0,6.0,3.0,1.0,2.0,1.0,21.0,16.0,55.0,76.2%,42.0,41.0,97.6%,74.0,4768.0,43.0,58.1%,64.4,2016
29,30,Phil Dawson,SFO,41,K,16,0,,,4.0,4.0,6.0,6.0,9.0,7.0,2.0,1.0,21.0,18.0,53.0,85.7%,34.0,33.0,97.1%,41.0,2304.0,4.0,9.8%,56.2,2016
30,31,Blair Walsh,MIN,26,K,9,0,1.0,1.0,1.0,1.0,6.0,5.0,6.0,4.0,2.0,1.0,16.0,12.0,50.0,75.0%,19.0,15.0,78.9%,41.0,2569.0,19.0,46.3%,62.7,2016
31,32,Kai Forbath,MIN,29,K,7,0,,,5.0,5.0,5.0,5.0,4.0,4.0,1.0,1.0,15.0,15.0,51.0,100.0%,14.0,11.0,78.6%,38.0,2363.0,19.0,50.0%,62.2,2016
32,33,Josh Brown,NYG,37,K,5,0,1.0,1.0,3.0,3.0,3.0,3.0,4.0,4.0,1.0,,12.0,11.0,48.0,91.7%,9.0,9.0,100.0%,24.0,1452.0,15.0,62.5%,60.5,2016
33,34,Robbie Gould,NYG,34,K,10,0,,,3.0,3.0,3.0,3.0,4.0,4.0,,,10.0,10.0,47.0,100.0%,23.0,20.0,87.0%,43.0,2671.0,19.0,44.2%,62.1,2016
34,35,Randy Bullock,3TM,27,K,5,0,,,4.0,4.0,2.0,2.0,3.0,2.0,,,9.0,8.0,44.0,88.9%,10.0,9.0,90.0%,23.0,1450.0,14.0,60.9%,63.0,2016
35,36,Patrick Murray,CLE,25,K,2,0,,,,,1.0,1.0,,,1.0,,2.0,1.0,35.0,50.0%,4.0,3.0,75.0%,7.0,463.0,4.0,57.1%,66.1,2016
36,37,Matthew Bosher,ATL,29,K,15,0,,,,,,,,,,,,,,,,,,105.0,6781.0,65.0,61.9%,64.6,2016
37,38,Pat McAfee*,IND,29,K,16,0,,,,,,,,,,,,,,,,,,89.0,5697.0,49.0,55.1%,64.0,2016
38,39,Sam Martin,DET,26,P,16,0,,,,,,,,,,,,,,,,,,78.0,4819.0,52.0,66.7%,61.8,2016
39,40,Bradley Pinion,SFO,22,P,16,0,,,,,,,,,,,,,,,,,,31.0,1955.0,20.0,64.5%,63.1,2016
40,41,Matt Wile,2TM,24,P,4,0,,,,,,,,,,,,,,,,,,7.0,455.0,7.0,100.0%,65.0,2016
41,42,Bryan Anger,TAM,28,P,16,0,,,,,,,,,,,,,,,,,,2.0,97.0,,,48.5,2016
42,43,Britton Colquitt,CLE,31,P,16,0,,,,,,,,,,,,,,,,,,2.0,125.0,,,62.5,2016
43,44,Riley Dixon,DEN,23,P,16,0,,,,,,,,,,,,,,,,,,2.0,100.0,,,50.0,2016
44,45,Brian Peters,HOU,28,LB,12,0,,,,,,,,,,,,,,,,,,2.0,123.0,,,61.5,2016
45,46,Kevin Huber,CIN,31,P,16,0,,,,,,,,,,,,,,,,,,1.0,64.0,,,64.0,2016
46,47,Drew Kaser,SDG,23,P,16,0,,,,,,,,,,,,,,,,,,1.0,60.0,,,60.0,2016
47,48,Brett Kern,TEN,30,P,16,0,,,,,,,,,,,,,,,,,,1.0,59.0,,,59.0,2016
48,49,Sam Koch,BAL,34,P,16,0,,,,,,,,,,,,,,,,,,1.0,65.0,,,65.0,2016
49,50,Andy Lee,CAR,34,P,9,0,,,,,,,,,,,,,,,,,,1.0,71.0,,,71.0,2016
50,51,Brad Nortman,JAX,27,P,16,0,,,,,,,,,,,,,,,,,,1.0,54.0,,,54.0,2016
51,52,Pat O'Donnell,CHI,25,P,16,0,,,,,,,,,,,,,,,,,,1.0,51.0,,,51.0,2016
52,53,Jon Ryan,SEA,35,P,16,0,,,,,,,,,,,,,,,,,,1.0,65.0,,,65.0,2016
53,54,Colton Schmidt,BUF,26,P,16,0,,,,,,,,,,,,,,,,,,1.0,45.0,,,45.0,2016
54,55,Brad Wing,NYG,25,P,16,0,,,,,,,,,,,,,,,,,,1.0,67.0,,,67.0,2016
0,1,Ryan Succop,TEN,31,K,16,0,,,10.0,10.0,7.0,7.0,20.0,16.0,5.0,2.0,42.0,35.0,52.0,83.3%,33.0,31.0,93.9%,80.0,5120.0,47.0,58.8%,64.0,2017
1,2,Harrison Butker,KAN,22,K,13,0,,,8.0,8.0,17.0,16.0,12.0,10.0,5.0,4.0,42.0,38.0,53.0,90.5%,28.0,28.0,100.0%,78.0,5006.0,61.0,78.2%,64.2,2017
2,3,Robbie Gould,SFO,35,K,16,0,,,8.0,7.0,11.0,11.0,18.0,17.0,4.0,4.0,41.0,39.0,52.0,95.1%,30.0,28.0,93.3%,4.0,101.0,,,25.3,2017
3,4,Stephen Gostkowski,NWE,33,K,16,0,,,16.0,16.0,9.0,9.0,11.0,8.0,4.0,4.0,40.0,37.0,62.0,92.5%,47.0,45.0,95.7%,99.0,6228.0,40.0,40.4%,62.9,2017
4,5,Greg Zuerlein*+,LAR,30,K,14,0,1.0,1.0,8.0,8.0,12.0,11.0,12.0,12.0,7.0,6.0,40.0,38.0,56.0,95.0%,46.0,44.0,95.7%,95.0,6075.0,73.0,76.8%,63.9,2017
5,6,Phil Dawson,ARI,42,K,16,0,1.0,1.0,7.0,7.0,14.0,10.0,13.0,10.0,5.0,4.0,40.0,32.0,57.0,80.0%,26.0,23.0,88.5%,76.0,4647.0,34.0,44.7%,61.1,2017
6,7,Matt Bryant,ATL,42,K,16,0,1.0,1.0,6.0,6.0,13.0,10.0,10.0,9.0,9.0,8.0,39.0,34.0,57.0,87.2%,35.0,35.0,100.0%,,,,,,2017
7,8,Chris Boswell*,PIT,26,K,16,0,,,10.0,10.0,14.0,12.0,10.0,9.0,4.0,4.0,38.0,35.0,53.0,92.1%,39.0,37.0,94.9%,90.0,5681.0,46.0,51.1%,63.1,2017
8,9,Kai Forbath,MIN,30,K,16,0,,,8.0,8.0,14.0,12.0,7.0,6.0,9.0,6.0,38.0,32.0,53.0,84.2%,39.0,34.0,87.2%,88.0,5587.0,44.0,50.0%,63.5,2017
9,10,Justin Tucker,BAL,28,K,16,0,,,7.0,7.0,11.0,11.0,12.0,11.0,7.0,5.0,37.0,34.0,57.0,91.9%,39.0,39.0,100.0%,90.0,5601.0,55.0,61.1%,62.2,2017
10,11,Wil Lutz,NOR,23,K,16,0,,,10.0,10.0,5.0,4.0,16.0,13.0,5.0,4.0,36.0,31.0,53.0,86.1%,50.0,47.0,94.0%,94.0,5972.0,58.0,61.7%,63.5,2017
11,12,Matt Prater,DET,33,K,16,0,2.0,2.0,4.0,4.0,10.0,10.0,8.0,7.0,11.0,7.0,35.0,30.0,58.0,85.7%,41.0,40.0,97.6%,17.0,977.0,6.0,35.3%,57.5,2017
12,13,Adam Vinatieri,IND,45,K,15,0,,,11.0,11.0,10.0,7.0,7.0,6.0,6.0,5.0,34.0,29.0,54.0,85.3%,24.0,22.0,91.7%,,,,,,2017
13,14,Stephen Hauschka,BUF,32,K,16,0,,,6.0,6.0,9.0,9.0,9.0,7.0,9.0,7.0,33.0,29.0,56.0,87.9%,29.0,29.0,100.0%,74.0,4361.0,37.0,50.0%,58.9,2017
14,15,Brandon McManus,DEN,26,K,16,0,,,8.0,6.0,12.0,11.0,6.0,4.0,6.0,3.0,32.0,24.0,53.0,75.0%,27.0,27.0,100.0%,71.0,4191.0,45.0,63.4%,59.0,2017
15,16,Jake Elliott,PHI,22,K,15,0,,,5.0,5.0,7.0,4.0,13.0,12.0,6.0,5.0,31.0,26.0,61.0,83.9%,42.0,39.0,92.9%,84.0,5212.0,42.0,50.0%,62.0,2017
16,17,Graham Gano*,CAR,30,K,16,0,,,8.0,8.0,11.0,11.0,10.0,10.0,1.0,,30.0,29.0,48.0,96.7%,37.0,34.0,91.9%,83.0,5313.0,70.0,84.3%,64.0,2017
17,18,Chandler Catanzaro,NYJ,26,K,16,0,1.0,1.0,6.0,6.0,4.0,4.0,17.0,12.0,2.0,2.0,30.0,25.0,57.0,83.3%,29.0,29.0,100.0%,71.0,4349.0,45.0,63.4%,61.3,2017
18,19,Blair Walsh,SEA,27,K,16,0,,,6.0,6.0,10.0,7.0,12.0,8.0,1.0,,29.0,21.0,49.0,72.4%,38.0,37.0,97.4%,78.0,4837.0,39.0,50.0%,62.0,2017
19,20,Ka'imi Fairbairn,HOU,23,K,16,0,,,4.0,3.0,10.0,8.0,7.0,6.0,4.0,3.0,25.0,20.0,55.0,80.0%,35.0,32.0,91.4%,75.0,4718.0,49.0,65.3%,62.9,2017
20,21,Aldrick Rosas,NYG,23,K,16,0,,,8.0,8.0,5.0,3.0,9.0,4.0,3.0,3.0,25.0,18.0,52.0,72.0%,23.0,20.0,87.0%,62.0,3759.0,26.0,41.9%,60.6,2017
21,22,Cody Parkey,MIA,25,K,16,0,,,6.0,6.0,8.0,8.0,7.0,6.0,2.0,1.0,23.0,21.0,54.0,91.3%,29.0,26.0,89.7%,67.0,4013.0,28.0,41.8%,59.9,2017
22,23,Patrick Murray,TAM,26,K,12,0,,,5.0,5.0,8.0,8.0,5.0,4.0,5.0,2.0,23.0,19.0,50.0,82.6%,22.0,21.0,95.5%,59.0,3590.0,14.0,23.7%,60.8,2017
23,24,Giorgio Tavecchio,OAK,27,K,16,0,,,5.0,5.0,7.0,5.0,5.0,3.0,4.0,3.0,21.0,16.0,53.0,76.2%,34.0,33.0,97.1%,64.0,4058.0,48.0,75.0%,63.4,2017
24,25,Randy Bullock,CIN,28,K,15,0,,,6.0,6.0,8.0,7.0,5.0,4.0,1.0,1.0,20.0,18.0,51.0,90.0%,33.0,31.0,93.9%,65.0,4071.0,30.0,46.2%,62.6,2017
25,26,Dan Bailey,DAL,29,K,12,0,1.0,1.0,4.0,3.0,5.0,4.0,5.0,4.0,5.0,3.0,20.0,15.0,56.0,75.0%,28.0,26.0,92.9%,56.0,3605.0,32.0,57.1%,64.4,2017
26,27,Zane Gonzalez,CLE,22,K,16,0,,,5.0,5.0,6.0,4.0,6.0,4.0,3.0,2.0,20.0,15.0,54.0,75.0%,26.0,25.0,96.2%,56.0,3286.0,33.0,58.9%,58.7,2017
27,28,Josh Lambo,JAX,27,K,10,0,,,2.0,2.0,11.0,11.0,5.0,4.0,2.0,2.0,20.0,19.0,56.0,95.0%,24.0,22.0,91.7%,57.0,3322.0,22.0,38.6%,58.3,2017
28,29,Mason Crosby,GNB,33,K,16,0,,,8.0,8.0,4.0,2.0,4.0,4.0,3.0,1.0,19.0,15.0,50.0,78.9%,35.0,33.0,94.3%,68.0,4248.0,36.0,52.9%,62.5,2017
29,30,Dustin Hopkins,WAS,27,K,8,0,1.0,1.0,7.0,7.0,2.0,2.0,5.0,4.0,2.0,,17.0,14.0,49.0,82.4%,19.0,18.0,94.7%,40.0,2574.0,29.0,72.5%,64.4,2017
30,31,Connor Barth,CHI,31,K,10,0,1.0,1.0,4.0,4.0,,,9.0,5.0,2.0,1.0,16.0,11.0,54.0,68.8%,17.0,17.0,100.0%,37.0,2374.0,17.0,45.9%,64.2,2017
31,32,Jason Myers,JAX,26,K,6,0,,,4.0,4.0,3.0,2.0,5.0,5.0,3.0,,15.0,11.0,47.0,73.3%,17.0,15.0,88.2%,35.0,2117.0,26.0,74.3%,60.5,2017
32,33,Nick Rose,2TM,23,K,10,0,,,6.0,6.0,4.0,3.0,2.0,1.0,2.0,1.0,14.0,11.0,55.0,78.6%,26.0,23.0,88.5%,38.0,2352.0,24.0,63.2%,61.9,2017
33,34,Nick Novak,LAC,36,K,7,0,,,4.0,4.0,5.0,4.0,2.0,,2.0,1.0,13.0,9.0,50.0,69.2%,18.0,17.0,94.4%,,,,,,2017
34,35,Mike Nugent,2TM,35,K,8,0,,,3.0,3.0,4.0,3.0,5.0,4.0,1.0,1.0,13.0,11.0,55.0,84.6%,17.0,15.0,88.2%,36.0,2262.0,18.0,50.0%,62.8,2017
35,36,Nick Folk,TAM,33,K,4,0,,,2.0,2.0,2.0,1.0,5.0,2.0,2.0,1.0,11.0,6.0,50.0,54.5%,9.0,7.0,77.8%,18.0,1114.0,13.0,72.2%,61.9,2017
36,37,Travis Coons,LAC,25,K,3,0,,,4.0,4.0,3.0,2.0,1.0,1.0,,,8.0,7.0,40.0,87.5%,6.0,5.0,83.3%,,,,,,2017
37,38,Younghoe Koo,LAC,23,K,4,0,,,2.0,2.0,,,4.0,1.0,,,6.0,3.0,41.0,50.0%,9.0,9.0,100.0%,,,,,,2017
38,39,Cairo Santos,2TM,26,K,5,0,,,,,4.0,4.0,,,1.0,,5.0,4.0,39.0,80.0%,14.0,14.0,100.0%,20.0,1308.0,12.0,60.0%,65.4,2017
39,40,Sam Ficken,LAR,25,K,2,0,,,2.0,2.0,1.0,,,,,,3.0,2.0,23.0,66.7%,5.0,4.0,80.0%,8.0,511.0,5.0,62.5%,63.9,2017
40,41,Caleb Sturgis,PHI,28,K,1,0,,,,,1.0,1.0,1.0,1.0,1.0,1.0,3.0,3.0,50.0,100.0%,2.0,1.0,50.0%,6.0,374.0,2.0,33.3%,62.3,2017
41,42,Jeff Heath,DAL,26,SS,15,15,,,,,,,,,,,,,,,3.0,2.0,66.7%,5.0,308.0,2.0,40.0%,61.6,2017
42,43,Drew Kaser,LAC,24,P,16,0,,,,,,,,,,,,,,,3.0,1.0,33.3%,,,,,,2017
43,44,Marshall Koehn,CIN,25,K,1,0,,,,,,,,,,,,,,,1.0,1.0,100.0%,2.0,139.0,1.0,50.0%,69.5,2017
44,45,Matthew Bosher,ATL,30,K,16,0,,,,,,,,,,,,,,,,,,84.0,5332.0,49.0,58.3%,63.5,2017
45,46,Bradley Pinion,SFO,23,P,16,0,,,,,,,,,,,,,,,,,,79.0,5065.0,64.0,81.0%,64.1,2017
46,47,Rigoberto Sanchez,IND,23,K,16,0,,,,,,,,,,,,,,,,,,70.0,4385.0,46.0,65.7%,62.6,2017
47,48,Sam Martin,DET,27,P,10,0,,,,,,,,,,,,,,,,,,50.0,3242.0,25.0,50.0%,64.8,2017
48,49,Jeff Locke,DET,28,P,5,0,,,,,,,,,,,,,,,,,,23.0,1485.0,16.0,69.6%,64.6,2017
49,50,Kamu Grugier-Hill,PHI,23,LB,16,0,,,,,,,,,,,,,,,,,,4.0,248.0,1.0,25.0%,62.0,2017
50,51,Pat O'Donnell,CHI,26,P,16,0,,,,,,,,,,,,,,,,,,4.0,260.0,2.0,50.0%,65.0,2017
51,52,Riley Dixon,DEN,24,P,16,0,,,,,,,,,,,,,,,,,,2.0,118.0,,,59.0,2017
52,53,Jon Ryan,SEA,36,P,16,0,,,,,,,,,,,,,,,,,,2.0,125.0,,,62.5,2017
53,54,Britton Colquitt,CLE,32,P,16,0,,,,,,,,,,,,,,,,,,1.0,64.0,,,64.0,2017
54,55,Dustin Colquitt,KAN,35,P,16,0,,,,,,,,,,,,,,,,,,1.0,48.0,,,48.0,2017
55,56,Lac Edwards,NYJ,25,P,16,0,,,,,,,,,,,,,,,,,,1.0,55.0,,,55.0,2017
56,57,Shane Lechler,HOU,41,P,16,0,,,,,,,,,,,,,,,,,,1.0,46.0,,,46.0,2017
57,58,Andy Lee,ARI,35,P,16,0,,,,,,,,,,,,,,,,,,1.0,68.0,,,68.0,2017
58,59,Thomas Morstead,NOR,31,P,16,0,,,,,,,,,,,,,,,,,,1.0,65.0,1.0,100.0%,65.0,2017
59,60,Ryan Quigley,MIN,27,P,16,0,,,,,,,,,,,,,,,,,,1.0,51.0,,,51.0,2017
60,61,Kasey Redfern,DET,26,P,1,0,,,,,,,,,,,,,,,,,,1.0,65.0,,,65.0,2017
61,62,Tress Way,WAS,27,P,16,0,,,,,,,,,,,,,,,,,,1.0,61.0,,,61.0,2017
0,1,Ka'imi Fairbairn,HOU,24,K,16,0,1.0,1.0,9.0,9.0,11.0,11.0,15.0,12.0,6.0,4.0,42.0,37.0,54.0,88.1%,41.0,39.0,95.1%,92.0,5885.0,58.0,63.0%,64.0,2018
1,2,Justin Tucker+,BAL,29,K,16,0,,,12.0,12.0,9.0,9.0,11.0,9.0,7.0,5.0,39.0,35.0,56.0,89.7%,37.0,36.0,97.3%,92.0,5765.0,58.0,63.0%,62.7,2018
2,3,Mason Crosby,GNB,34,K,16,0,,,4.0,4.0,11.0,10.0,15.0,11.0,7.0,5.0,37.0,30.0,53.0,81.1%,36.0,34.0,94.4%,83.0,5168.0,41.0,49.4%,62.3,2018
3,4,Jason Myers*,NYJ,27,K,16,0,,,4.0,4.0,14.0,13.0,11.0,10.0,7.0,6.0,36.0,33.0,56.0,91.7%,33.0,30.0,90.9%,82.0,5255.0,60.0,73.2%,64.1,2018
4,5,Brett Maher,DAL,29,K,16,0,,,10.0,10.0,8.0,6.0,11.0,7.0,7.0,6.0,36.0,29.0,62.0,80.6%,33.0,32.0,97.0%,77.0,4984.0,52.0,67.5%,64.7,2018
5,6,Robbie Gould,SFO,36,K,16,0,,,9.0,9.0,13.0,13.0,10.0,9.0,2.0,2.0,34.0,33.0,53.0,97.1%,29.0,27.0,93.1%,4.0,102.0,,,25.5,2018
6,7,Aldrick Rosas*,NYG,24,K,16,0,,,9.0,9.0,13.0,13.0,6.0,6.0,5.0,4.0,33.0,32.0,57.0,97.0%,32.0,31.0,96.9%,85.0,5186.0,51.0,60.0%,61.0,2018
7,8,Stephen Gostkowski,NWE,34,K,16,0,,,11.0,11.0,10.0,10.0,6.0,4.0,5.0,2.0,32.0,27.0,52.0,84.4%,50.0,49.0,98.0%,93.0,5784.0,50.0,53.8%,62.2,2018
8,9,Matt Prater,DET,34,K,16,0,,,8.0,8.0,12.0,12.0,7.0,5.0,5.0,3.0,32.0,28.0,54.0,87.5%,30.0,30.0,100.0%,6.0,343.0,3.0,50.0%,57.2,2018
9,10,Greg Zuerlein,LAR,31,K,11,0,,,9.0,9.0,10.0,10.0,6.0,4.0,6.0,4.0,31.0,27.0,56.0,87.1%,36.0,35.0,97.2%,75.0,4843.0,57.0,76.0%,64.6,2018
10,11,Jake Elliott,PHI,23,K,16,0,,,7.0,7.0,11.0,10.0,8.0,7.0,5.0,2.0,31.0,26.0,56.0,83.9%,35.0,33.0,94.3%,82.0,5210.0,57.0,69.5%,63.5,2018
11,12,Wil Lutz,NOR,24,K,16,0,1.0,1.0,5.0,5.0,9.0,9.0,12.0,11.0,3.0,2.0,30.0,28.0,54.0,93.3%,53.0,52.0,98.1%,101.0,6503.0,64.0,63.4%,64.4,2018
12,13,Cody Parkey,CHI,26,K,16,0,,,6.0,6.0,10.0,7.0,12.0,9.0,2.0,1.0,30.0,23.0,50.0,76.7%,45.0,42.0,93.3%,89.0,5627.0,65.0,73.0%,63.2,2018
13,14,Ryan Succop,TEN,32,K,16,0,,,6.0,5.0,13.0,13.0,7.0,5.0,4.0,3.0,30.0,26.0,54.0,86.7%,31.0,28.0,90.3%,70.0,4480.0,45.0,64.3%,64.0,2018
14,15,Dustin Hopkins,WAS,28,K,16,0,,,5.0,5.0,7.0,7.0,12.0,10.0,5.0,4.0,29.0,26.0,56.0,89.7%,26.0,25.0,96.2%,70.0,4443.0,56.0,80.0%,63.5,2018
15,16,Dan Bailey,MIN,30,K,14,0,,,6.0,5.0,11.0,11.0,9.0,4.0,2.0,1.0,28.0,21.0,52.0,75.0%,31.0,30.0,96.8%,69.0,4164.0,35.0,50.7%,60.3,2018
16,17,Stephen Hauschka,BUF,33,K,16,0,,,3.0,3.0,8.0,8.0,10.0,7.0,7.0,4.0,28.0,22.0,54.0,78.6%,26.0,25.0,96.2%,66.0,3958.0,30.0,45.5%,60.0,2018
17,18,Harrison Butker,KAN,23,K,16,0,,,9.0,9.0,7.0,7.0,7.0,6.0,4.0,2.0,27.0,24.0,54.0,88.9%,69.0,65.0,94.2%,110.0,7000.0,72.0,65.5%,63.6,2018
18,19,Sebastian Janikowski,SEA,40,K,16,0,,,2.0,2.0,11.0,9.0,9.0,8.0,5.0,3.0,27.0,22.0,56.0,81.5%,51.0,48.0,94.1%,74.0,4648.0,42.0,56.8%,62.8,2018
19,20,Adam Vinatieri,IND,46,K,16,0,,,8.0,8.0,7.0,6.0,6.0,5.0,6.0,4.0,27.0,23.0,54.0,85.2%,47.0,44.0,93.6%,,,,,,2018
20,21,Brandon McManus,DEN,27,K,16,0,,,5.0,5.0,6.0,6.0,7.0,7.0,7.0,2.0,25.0,20.0,53.0,80.0%,35.0,35.0,100.0%,73.0,4473.0,42.0,57.5%,61.3,2018
21,22,Randy Bullock,CIN,29,K,16,0,,,4.0,4.0,8.0,7.0,6.0,6.0,5.0,2.0,23.0,19.0,51.0,82.6%,41.0,39.0,95.1%,79.0,4969.0,45.0,57.0%,62.9,2018
22,23,Matt Bryant,ATL,43,K,13,0,,,4.0,4.0,5.0,5.0,7.0,7.0,5.0,4.0,21.0,20.0,57.0,95.2%,35.0,33.0,94.3%,,,,,,2018
23,24,Daniel Carlson,2TM,23,K,12,0,,,2.0,2.0,4.0,3.0,12.0,9.0,3.0,3.0,21.0,17.0,50.0,81.0%,24.0,24.0,100.0%,54.0,3334.0,29.0,53.7%,61.7,2018
24,25,Josh Lambo,JAX,28,K,13,0,,,4.0,4.0,8.0,8.0,4.0,3.0,5.0,4.0,21.0,19.0,57.0,90.5%,20.0,19.0,95.0%,54.0,3283.0,36.0,66.7%,60.8,2018
25,26,Chris Boswell,PIT,27,K,15,0,,,3.0,3.0,6.0,4.0,10.0,5.0,1.0,1.0,20.0,13.0,50.0,65.0%,48.0,43.0,89.6%,81.0,5097.0,50.0,61.7%,62.9,2018
26,27,Jason Sanders,MIA,23,K,16,0,,,7.0,7.0,3.0,3.0,9.0,7.0,1.0,1.0,20.0,18.0,50.0,90.0%,36.0,35.0,97.2%,70.0,4395.0,55.0,78.6%,62.8,2018
27,28,Chandler Catanzaro,2TM,27,K,13,0,,,4.0,4.0,10.0,9.0,3.0,,3.0,3.0,20.0,16.0,59.0,80.0%,35.0,30.0,85.7%,65.0,4118.0,52.0,80.0%,63.4,2018
28,29,Greg Joseph,CLE,24,K,14,0,,,4.0,4.0,7.0,7.0,7.0,5.0,2.0,1.0,20.0,17.0,51.0,85.0%,29.0,25.0,86.2%,69.0,4340.0,47.0,68.1%,62.9,2018
29,30,Cairo Santos,2TM,27,K,9,0,1.0,1.0,4.0,4.0,6.0,6.0,6.0,3.0,1.0,,18.0,14.0,45.0,77.8%,23.0,22.0,95.7%,49.0,2977.0,19.0,38.8%,60.8,2018
30,31,Graham Gano,CAR,31,K,12,0,,,3.0,3.0,5.0,4.0,4.0,4.0,4.0,3.0,16.0,14.0,63.0,87.5%,33.0,30.0,90.9%,62.0,3940.0,47.0,75.8%,63.5,2018
31,32,Michael Badgley,LAC,23,K,10,0,,,4.0,4.0,5.0,5.0,5.0,5.0,2.0,1.0,16.0,15.0,59.0,93.8%,28.0,27.0,96.4%,,,,,,2018
32,33,Zane Gonzalez,2TM,23,K,7,0,,,1.0,1.0,4.0,4.0,4.0,2.0,5.0,2.0,14.0,9.0,55.0,64.3%,11.0,8.0,72.7%,28.0,1802.0,17.0,60.7%,64.4,2018
33,34,Caleb Sturgis,LAC,29,K,6,0,,,4.0,4.0,2.0,2.0,6.0,3.0,1.0,,13.0,9.0,49.0,69.2%,15.0,9.0,60.0%,,,,,,2018
34,35,Matthew McCrane,3TM,24,K,5,0,,,3.0,3.0,2.0,2.0,5.0,3.0,2.0,,12.0,8.0,47.0,66.7%,9.0,9.0,100.0%,21.0,1250.0,5.0,23.8%,59.5,2018
35,36,Phil Dawson,ARI,43,K,10,0,,,2.0,2.0,2.0,2.0,3.0,1.0,1.0,,8.0,5.0,43.0,62.5%,15.0,15.0,100.0%,32.0,1982.0,14.0,43.8%,61.9,2018
36,37,Mike Nugent,OAK,36,K,3,0,,,3.0,3.0,,,2.0,2.0,1.0,1.0,6.0,6.0,52.0,100.0%,5.0,4.0,80.0%,14.0,858.0,6.0,42.9%,61.3,2018
37,38,Giorgio Tavecchio,ATL,28,K,3,0,,,1.0,1.0,,,2.0,2.0,2.0,2.0,5.0,5.0,56.0,100.0%,8.0,8.0,100.0%,,,,,,2018
38,39,Kai Forbath,JAX,31,K,3,0,,,2.0,2.0,1.0,1.0,1.0,1.0,1.0,,5.0,4.0,41.0,80.0%,3.0,3.0,100.0%,,,,,,2018
39,40,Sam Ficken,LAR,26,K,2,0,,,1.0,,1.0,1.0,1.0,,,,3.0,1.0,34.0,33.3%,10.0,10.0,100.0%,13.0,804.0,11.0,84.6%,61.8,2018
40,41,Johnny Hekker,LAR,28,P,16,0,,,1.0,1.0,,,,,,,1.0,1.0,20.0,100.0%,1.0,1.0,100.0%,6.0,381.0,2.0,33.3%,63.5,2018
41,42,Matthew Bosher,ATL,31,K,16,0,,,,,,,,,,,,,,,,,,89.0,5578.0,51.0,57.3%,62.7,2018
42,43,Rigoberto Sanchez,IND,24,K,16,0,,,,,,,,,,,,,,,,,,88.0,5435.0,59.0,67.0%,61.8,2018
43,44,Bradley Pinion,SFO,24,P,16,0,,,,,,,,,,,,,,,,,,77.0,4963.0,52.0,67.5%,64.5,2018
44,45,Sam Martin,DET,28,P,16,0,,,,,,,,,,,,,,,,,,73.0,4459.0,34.0,46.6%,61.1,2018
45,46,Logan Cooke,JAX,23,P,16,0,,,,,,,,,,,,,,,,,,10.0,625.0,5.0,50.0%,62.5,2018
46,47,Michael Dickson*+,SEA,22,K,16,0,,,,,,,,,,,,,,,,,,9.0,407.0,,,45.2,2018
47,48,Thomas Morstead,NOR,32,P,16,0,,,,,,,,,,,,,,,,,,2.0,95.0,,,47.5,2018
48,49,Bryan Anger,TAM,30,P,16,0,,,,,,,,,,,,,,,,,,1.0,73.0,,,73.0,2018
49,50,Daren Bates,TEN,28,LB,16,0,,,,,,,,,,,,,,,,,,1.0,13.0,,,13.0,2018
50,51,Britton Colquitt,CLE,33,P,16,0,,,,,,,,,,,,,,,,,,1.0,56.0,,,56.0,2018
51,52,Dustin Colquitt,KAN,36,P,16,0,,,,,,,,,,,,,,,,,,1.0,60.0,,,60.0,2018
52,53,Lac Edwards,NYJ,26,P,16,0,,,,,,,,,,,,,,,,,,1.0,56.0,,,56.0,2018
53,54,Brett Kern*,TEN,32,P,16,0,,,,,,,,,,,,,,,,,,1.0,43.0,,,43.0,2018
54,55,Andy Lee,ARI,36,P,16,0,,,,,,,,,,,,,,,,,,1.0,68.0,,,68.0,2018
55,56,JK Scott,GNB,23,K,16,0,,,,,,,,,,,,,,,,,,1.0,61.0,,,61.0,2018
0,1,Harrison Butker,KAN,24,K,16,0,,,9.0,9.0,9.0,8.0,14.0,14.0,6.0,3.0,38.0,34.0,56.0,89.5%,48.0,45.0,93.8%,98.0,6157.0,60.0,61.2%,62.8,2019
1,2,Wil Lutz*,NOR,25,K,16,0,1.0,1.0,9.0,9.0,6.0,6.0,15.0,13.0,5.0,3.0,36.0,32.0,58.0,88.9%,49.0,48.0,98.0%,94.0,6082.0,74.0,78.7%,64.7,2019
2,3,Matt Gay,TAM,25,K,16,0,,,6.0,6.0,7.0,5.0,14.0,11.0,8.0,5.0,35.0,27.0,58.0,77.1%,48.0,43.0,89.6%,1.0,14.0,,,14.0,2019
3,4,Zane Gonzalez,ARI,24,K,16,0,,,12.0,12.0,13.0,12.0,8.0,5.0,2.0,2.0,35.0,31.0,54.0,88.6%,35.0,34.0,97.1%,83.0,5241.0,45.0,54.2%,63.1,2019
4,5,Brandon McManus,DEN,28,K,16,0,,,6.0,6.0,9.0,9.0,12.0,10.0,7.0,4.0,34.0,29.0,53.0,85.3%,26.0,25.0,96.2%,72.0,4634.0,55.0,76.4%,64.4,2019
5,6,Josh Lambo,JAX,29,K,16,0,,,12.0,12.0,9.0,9.0,9.0,8.0,4.0,4.0,34.0,33.0,56.0,97.1%,20.0,19.0,95.0%,40.0,2283.0,23.0,57.5%,57.1,2019
6,7,Greg Zuerlein,LAR,32,K,16,0,,,7.0,7.0,8.0,7.0,11.0,5.0,7.0,5.0,33.0,24.0,58.0,72.7%,42.0,42.0,100.0%,83.0,5281.0,64.0,77.1%,63.6,2019
7,8,Joey Slye,CAR,23,K,16,0,,,5.0,4.0,5.0,5.0,11.0,8.0,11.0,8.0,32.0,25.0,55.0,78.1%,35.0,31.0,88.6%,70.0,4503.0,66.0,94.3%,64.3,2019
8,9,Robbie Gould,SFO,37,K,13,0,,,9.0,9.0,10.0,8.0,8.0,6.0,4.0,,31.0,23.0,47.0,74.2%,42.0,41.0,97.6%,1.0,37.0,,,37.0,2019
9,10,Matt Prater,DET,35,K,16,0,,,11.0,11.0,3.0,2.0,9.0,6.0,8.0,7.0,31.0,26.0,56.0,83.9%,36.0,35.0,97.2%,19.0,1159.0,8.0,42.1%,61.0,2019
10,11,Chris Boswell,PIT,28,K,16,0,1.0,1.0,11.0,11.0,7.0,7.0,10.0,9.0,2.0,1.0,31.0,29.0,51.0,93.5%,28.0,28.0,100.0%,72.0,4552.0,31.0,43.1%,63.2,2019
11,12,Randy Bullock,CIN,30,K,16,0,,,10.0,10.0,6.0,6.0,12.0,10.0,3.0,1.0,31.0,27.0,57.0,87.1%,25.0,24.0,96.0%,71.0,4269.0,46.0,64.8%,60.1,2019
12,13,Brett Maher,DAL,30,K,13,0,,,9.0,9.0,8.0,6.0,5.0,1.0,8.0,4.0,30.0,20.0,63.0,66.7%,36.0,36.0,100.0%,69.0,4170.0,36.0,52.2%,60.4,2019
13,14,Jason Sanders,MIA,24,K,16,0,,,7.0,7.0,9.0,8.0,9.0,5.0,5.0,3.0,30.0,23.0,54.0,76.7%,30.0,29.0,96.7%,71.0,4314.0,49.0,69.0%,60.8,2019
14,15,Dustin Hopkins,WAS,29,K,16,0,,,8.0,7.0,9.0,8.0,10.0,8.0,3.0,2.0,30.0,25.0,53.0,83.3%,22.0,21.0,95.5%,68.0,4231.0,48.0,70.6%,62.2,2019
15,16,Justin Tucker*+,BAL,30,K,16,0,,,8.0,8.0,9.0,9.0,11.0,10.0,1.0,1.0,29.0,28.0,51.0,96.6%,59.0,57.0,96.6%,106.0,6646.0,57.0,53.8%,62.7,2019
16,17,Dan Bailey,MIN,31,K,16,0,,,10.0,10.0,9.0,9.0,7.0,5.0,3.0,3.0,29.0,27.0,50.0,93.1%,44.0,40.0,90.9%,87.0,5597.0,66.0,75.9%,64.3,2019
17,18,Austin Seibert,CLE,23,K,16,0,,,6.0,6.0,9.0,9.0,12.0,9.0,2.0,1.0,29.0,25.0,53.0,86.2%,35.0,30.0,85.7%,75.0,4753.0,30.0,40.0%,63.4,2019
18,19,Jason Myers,SEA,28,K,16,0,,,6.0,6.0,11.0,11.0,7.0,4.0,4.0,2.0,28.0,23.0,54.0,82.1%,44.0,40.0,90.9%,85.0,5337.0,59.0,69.4%,62.8,2019
19,20,Stephen Hauschka,BUF,34,K,16,0,,,5.0,5.0,8.0,7.0,10.0,9.0,5.0,1.0,28.0,22.0,51.0,78.6%,32.0,30.0,93.8%,73.0,4529.0,42.0,57.5%,62.0,2019
20,21,Eddy Pineiro,CHI,24,K,16,0,1.0,1.0,8.0,8.0,10.0,9.0,7.0,3.0,2.0,2.0,28.0,23.0,53.0,82.1%,29.0,27.0,93.1%,52.0,3141.0,26.0,50.0%,60.4,2019
21,22,Sam Ficken,NYJ,27,K,15,0,,,2.0,2.0,8.0,7.0,11.0,7.0,6.0,3.0,27.0,19.0,54.0,70.4%,26.0,23.0,88.5%,62.0,3763.0,29.0,46.8%,60.7,2019
22,23,Jake Elliott,PHI,24,K,16,0,,,7.0,7.0,8.0,8.0,7.0,5.0,4.0,2.0,26.0,22.0,53.0,84.6%,37.0,35.0,94.6%,81.0,5058.0,52.0,64.2%,62.4,2019
23,24,Daniel Carlson,OAK,24,K,16,0,,,8.0,8.0,6.0,5.0,10.0,6.0,2.0,,26.0,19.0,48.0,73.1%,36.0,34.0,94.4%,71.0,4496.0,38.0,53.5%,63.3,2019
24,25,Younghoe Koo,ATL,25,K,8,0,,,6.0,6.0,10.0,9.0,9.0,7.0,1.0,1.0,26.0,23.0,50.0,88.5%,16.0,15.0,93.8%,50.0,3041.0,27.0,54.0%,60.8,2019
25,26,Ka'imi Fairbairn,HOU,25,K,16,0,,,5.0,5.0,8.0,8.0,6.0,4.0,6.0,3.0,25.0,20.0,54.0,80.0%,45.0,40.0,88.9%,81.0,5091.0,42.0,51.9%,62.9,2019
26,27,Adam Vinatieri,IND,47,K,12,0,,,7.0,6.0,6.0,6.0,7.0,3.0,5.0,2.0,25.0,17.0,55.0,68.0%,28.0,22.0,78.6%,,,,,,2019
27,28,Mason Crosby,GNB,35,K,16,0,1.0,1.0,2.0,2.0,11.0,11.0,8.0,7.0,2.0,1.0,24.0,22.0,54.0,91.7%,41.0,40.0,97.6%,79.0,5031.0,49.0,62.0%,63.7,2019
28,29,Chase McLaughlin,3TM,23,K,11,0,1.0,1.0,5.0,5.0,4.0,4.0,10.0,5.0,3.0,3.0,23.0,18.0,50.0,78.3%,26.0,26.0,100.0%,18.0,1064.0,7.0,38.9%,59.1,2019
29,30,Aldrick Rosas,NYG,25,K,16,0,,,6.0,6.0,6.0,5.0,4.0,1.0,1.0,,17.0,12.0,45.0,70.6%,39.0,35.0,89.7%,71.0,4433.0,50.0,70.4%,62.4,2019
30,31,Nick Folk,NWE,35,K,7,0,1.0,1.0,5.0,5.0,3.0,3.0,7.0,4.0,1.0,1.0,17.0,14.0,51.0,82.4%,12.0,12.0,100.0%,1.0,41.0,,,41.0,2019
31,32,Michael Badgley,LAC,24,K,8,0,,,5.0,5.0,2.0,2.0,8.0,6.0,1.0,,16.0,13.0,49.0,81.3%,19.0,19.0,100.0%,11.0,665.0,1.0,9.1%,60.5,2019
32,33,Matt Bryant,ATL,44,K,7,0,,,1.0,1.0,4.0,3.0,3.0,3.0,6.0,2.0,14.0,9.0,52.0,64.3%,15.0,14.0,93.3%,5.0,304.0,,,60.8,2019
33,34,Kai Forbath,2TM,32,K,4,0,,,2.0,2.0,1.0,1.0,7.0,7.0,1.0,1.0,11.0,11.0,50.0,100.0%,12.0,11.0,91.7%,23.0,1375.0,15.0,65.2%,59.8,2019
34,35,Cairo Santos,TEN,28,K,5,0,,,,,3.0,1.0,3.0,2.0,3.0,1.0,9.0,4.0,53.0,44.4%,12.0,12.0,100.0%,21.0,1339.0,12.0,57.1%,63.8,2019
35,36,Ty Long,LAC,26,P,16,0,,,,,3.0,2.0,5.0,4.0,1.0,1.0,9.0,7.0,51.0,77.8%,9.0,9.0,100.0%,47.0,2978.0,28.0,59.6%,63.4,2019
36,37,Mike Nugent,NWE,37,K,4,0,,,4.0,3.0,3.0,2.0,1.0,,,,8.0,5.0,37.0,62.5%,16.0,15.0,93.8%,,,,,,2019
37,38,Stephen Gostkowski,NWE,35,K,4,0,,,3.0,3.0,3.0,3.0,2.0,1.0,,,8.0,7.0,41.0,87.5%,15.0,11.0,73.3%,26.0,1687.0,21.0,80.8%,64.9,2019
38,39,Ryan Succop,TEN,33,K,6,0,,,,,1.0,1.0,4.0,,1.0,,6.0,1.0,31.0,16.7%,25.0,24.0,96.0%,17.0,1015.0,3.0,17.6%,59.7,2019
39,40,Cody Parkey,TEN,27,K,3,0,,,,,,,2.0,2.0,1.0,1.0,3.0,3.0,51.0,100.0%,6.0,5.0,83.3%,12.0,753.0,9.0,75.0%,62.8,2019
40,41,Kaare Vedvik,NYJ,25,P,1,0,,,,,,,1.0,,,,1.0,,,0.0%,1.0,,0.0%,3.0,195.0,3.0,100.0%,65.0,2019
41,42,Greg Joseph,TEN,25,K,2,0,,,,,,,,,,,,,,,9.0,9.0,100.0%,11.0,689.0,6.0,54.5%,62.6,2019
42,43,Bradley Pinion,TAM,25,P,16,0,,,,,,,,,,,,,,,,,,97.0,6303.0,88.0,90.7%,65.0,2019
43,44,Mitch Wishnowsky,SFO,27,P,16,0,,,,,,,,,,,,,,,,,,96.0,6105.0,49.0,51.0%,63.6,2019
44,45,Rigoberto Sanchez,IND,25,K,16,0,,,,,,,,,,,,,,,,,,79.0,5101.0,60.0,75.9%,64.6,2019
45,46,Jake Bailey,NWE,22,P,16,0,,,,,,,,,,,,,,,,,,65.0,3973.0,38.0,58.5%,61.1,2019
46,47,Sam Martin,DET,29,P,16,0,,,,,,,,,,,,,,,,,,61.0,3740.0,17.0,27.9%,61.3,2019
47,48,Logan Cooke,JAX,24,P,16,0,,,,,,,,,,,,,,,,,,36.0,2300.0,16.0,44.4%,63.9,2019
48,49,Pat O'Donnell,CHI,28,P,16,0,,,,,,,,,,,,,,,,,,15.0,962.0,10.0,66.7%,64.1,2019
49,50,Kasey Redfern,ATL,28,P,3,0,,,,,,,,,,,,,,,,,,15.0,818.0,9.0,60.0%,54.5,2019
50,51,Matt Wile,ATL,27,P,2,0,,,,,,,,,,,,,,,,,,11.0,633.0,7.0,63.6%,57.5,2019
51,52,Matthew Bosher,ATL,32,K,3,0,,,,,,,,,,,,,,,,,,6.0,318.0,4.0,66.7%,53.0,2019
52,53,Michael Palardy,CAR,27,P,16,0,,,,,,,,,,,,,,,,,,6.0,155.0,,,25.8,2019
53,54,Jamie Gillan,CLE,22,P,16,0,,,,,,,,,,,,,,,,,,4.0,150.0,,,37.5,2019
54,55,Jordan Berry,PIT,28,P,16,0,,,,,,,,,,,,,,,,,,3.0,183.0,,,61.0,2019
55,56,Lac Edwards,NYJ,27,P,16,0,,,,,,,,,,,,,,,,,,3.0,159.0,,,53.0,2019
56,57,Matt Haack,MIA,25,P,16,0,,,,,,,,,,,,,,,,,,2.0,109.0,,,54.5,2019
57,58,Johnny Hekker,LAR,29,P,16,0,,,,,,,,,,,,,,,,,,2.0,76.0,1.0,50.0%,38.0,2019
58,59,Bryan Anger,HOU,31,P,14,0,,,,,,,,,,,,,,,,,,1.0,73.0,,,73.0,2019
59,60,Corey Bojorquez,BUF,23,P,16,0,,,,,,,,,,,,,,,,,,1.0,50.0,,,50.0,2019
60,61,Britton Colquitt,MIN,34,P,16,0,,,,,,,,,,,,,,,,,,1.0,63.0,,,63.0,2019
61,62,Riley Dixon,NYG,26,P,16,0,,,,,,,,,,,,,,,,,,1.0,52.0,,,52.0,2019
62,63,Thomas Morstead,NOR,33,P,16,0,,,,,,,,,,,,,,,,,,1.0,46.0,,,46.0,2019
0,1,Greg Zuerlein,DAL,33,K,16,0,1.0,1.0,5.0,5.0,13.0,13.0,13.0,12.0,9.0,3.0,41.0,34.0,59.0,82.9%,36.0,33.0,91.7%,90.0,5589.0,60.0,66.7%,62.1,2020
1,2,Jason Sanders+,MIA,25,K,16,0,1.0,1.0,8.0,8.0,7.0,7.0,14.0,12.0,9.0,8.0,39.0,36.0,56.0,92.3%,36.0,36.0,100.0%,91.0,5540.0,64.0,70.3%,60.9,2020
2,3,Younghoe Koo*,ATL,26,K,15,0,,,10.0,10.0,12.0,11.0,9.0,8.0,8.0,8.0,39.0,37.0,54.0,94.9%,36.0,33.0,91.7%,66.0,4160.0,28.0,42.4%,63.0,2020
3,4,Rodrigo Blankenship,IND,23,K,16,0,,,10.0,10.0,13.0,12.0,11.0,9.0,3.0,1.0,37.0,32.0,53.0,86.5%,45.0,43.0,95.6%,20.0,1267.0,13.0,65.0%,63.4,2020
4,5,Joey Slye,CAR,24,K,16,0,,,12.0,11.0,10.0,10.0,8.0,7.0,6.0,1.0,36.0,29.0,56.0,80.6%,36.0,33.0,91.7%,81.0,5095.0,71.0,87.7%,62.9,2020
5,6,Daniel Carlson,LVR,25,K,16,0,,,18.0,18.0,8.0,8.0,5.0,3.0,4.0,4.0,35.0,33.0,54.0,94.3%,47.0,45.0,95.7%,95.0,5966.0,61.0,64.2%,62.8,2020
6,7,Tyler Bass,BUF,23,K,16,0,1.0,1.0,9.0,9.0,9.0,6.0,9.0,8.0,6.0,4.0,34.0,28.0,58.0,82.4%,59.0,57.0,96.6%,101.0,6469.0,71.0,70.3%,64.0,2020
7,8,Dustin Hopkins,WAS,30,K,16,0,,,5.0,5.0,8.0,7.0,17.0,13.0,4.0,2.0,34.0,27.0,51.0,79.4%,32.0,30.0,93.8%,78.0,4808.0,65.0,83.3%,61.6,2020
8,9,Brandon McManus,DEN,29,K,15,0,,,6.0,6.0,5.0,4.0,8.0,8.0,15.0,10.0,34.0,28.0,58.0,82.4%,27.0,24.0,88.9%,73.0,4516.0,54.0,74.0%,61.9,2020
9,10,Michael Badgley,LAC,25,K,16,0,,,8.0,8.0,6.0,6.0,13.0,8.0,6.0,2.0,33.0,24.0,53.0,72.7%,39.0,36.0,92.3%,3.0,177.0,,,59.0,2020
10,11,Cairo Santos,CHI,29,K,16,0,,,9.0,9.0,10.0,10.0,10.0,9.0,3.0,2.0,32.0,30.0,55.0,93.8%,37.0,36.0,97.3%,86.0,5252.0,42.0,48.8%,61.1,2020
11,12,Graham Gano,NYG,33,K,16,0,,,4.0,4.0,13.0,13.0,9.0,9.0,6.0,5.0,32.0,31.0,55.0,96.9%,23.0,21.0,91.3%,73.0,4357.0,30.0,41.1%,59.7,2020
12,13,Ryan Succop,TAM,34,K,16,0,1.0,1.0,10.0,10.0,9.0,9.0,9.0,7.0,2.0,1.0,31.0,28.0,50.0,90.3%,57.0,52.0,91.2%,1.0,16.0,,,16.0,2020
13,14,Ka'imi Fairbairn,HOU,26,K,16,0,,,8.0,8.0,9.0,9.0,8.0,6.0,6.0,4.0,31.0,27.0,54.0,87.1%,40.0,37.0,92.5%,85.0,5343.0,52.0,61.2%,62.9,2020
14,15,Justin Tucker*,BAL,31,K,16,0,,,8.0,8.0,7.0,6.0,9.0,9.0,5.0,3.0,29.0,26.0,55.0,89.7%,53.0,52.0,98.1%,95.0,6094.0,65.0,68.4%,64.1,2020
15,16,Wil Lutz,NOR,26,K,16,0,,,6.0,5.0,10.0,10.0,9.0,7.0,3.0,1.0,28.0,23.0,53.0,82.1%,58.0,57.0,98.3%,94.0,5929.0,71.0,75.5%,63.1,2020
16,17,Matt Prater,DET,36,K,16,0,,,4.0,4.0,7.0,7.0,7.0,4.0,10.0,6.0,28.0,21.0,59.0,75.0%,41.0,38.0,92.7%,18.0,1065.0,7.0,38.9%,59.2,2020
17,18,Nick Folk,NWE,36,K,16,0,,,6.0,6.0,7.0,7.0,12.0,11.0,3.0,2.0,28.0,26.0,51.0,92.9%,33.0,30.0,90.9%,3.0,172.0,,,57.3,2020
18,19,Harrison Butker,KAN,25,K,16,0,2.0,2.0,7.0,7.0,9.0,9.0,5.0,3.0,4.0,4.0,27.0,25.0,58.0,92.6%,54.0,48.0,88.9%,95.0,6027.0,72.0,75.8%,63.4,2020
19,20,Stephen Gostkowski,TEN,36,K,15,0,,,3.0,2.0,5.0,4.0,10.0,5.0,8.0,7.0,26.0,18.0,55.0,69.2%,48.0,46.0,95.8%,86.0,5341.0,51.0,59.3%,62.1,2020
20,21,Randy Bullock,CIN,31,K,12,0,,,3.0,3.0,10.0,8.0,8.0,7.0,5.0,3.0,26.0,21.0,55.0,80.8%,25.0,24.0,96.0%,58.0,3617.0,43.0,74.1%,62.4,2020
21,22,Jason Myers,SEA,29,K,16,0,,,2.0,2.0,7.0,7.0,13.0,13.0,2.0,2.0,24.0,24.0,61.0,100.0%,53.0,49.0,92.5%,91.0,5792.0,52.0,57.1%,63.6,2020
22,23,Robbie Gould,SFO,38,K,15,0,,,3.0,3.0,6.0,5.0,10.0,9.0,4.0,2.0,23.0,19.0,52.0,82.6%,38.0,36.0,94.7%,13.0,577.0,1.0,7.7%,44.4,2020
23,24,Cody Parkey,CLE,28,K,15,0,,,5.0,5.0,6.0,4.0,11.0,10.0,,,22.0,19.0,46.0,86.4%,47.0,43.0,91.5%,81.0,5140.0,45.0,55.6%,63.5,2020
24,25,Dan Bailey,MIN,32,K,16,0,,,6.0,6.0,4.0,3.0,7.0,4.0,5.0,2.0,22.0,15.0,53.0,68.2%,43.0,37.0,86.0%,83.0,4948.0,53.0,63.9%,59.6,2020
25,26,Zane Gonzalez,ARI,25,K,12,0,,,4.0,4.0,2.0,2.0,13.0,8.0,3.0,2.0,22.0,16.0,56.0,72.7%,39.0,38.0,97.4%,65.0,4112.0,36.0,55.4%,63.3,2020
26,27,Chris Boswell,PIT,29,K,13,0,,,5.0,5.0,6.0,6.0,8.0,7.0,1.0,1.0,20.0,19.0,59.0,95.0%,38.0,34.0,89.5%,73.0,4622.0,44.0,60.3%,63.3,2020
27,28,Jake Elliott,PHI,25,K,16,0,,,3.0,1.0,6.0,6.0,5.0,5.0,5.0,2.0,19.0,14.0,54.0,73.7%,26.0,24.0,92.3%,73.0,4508.0,46.0,63.0%,61.8,2020
28,29,Mason Crosby,GNB,36,K,16,0,1.0,1.0,1.0,1.0,5.0,5.0,5.0,5.0,4.0,4.0,16.0,16.0,57.0,100.0%,63.0,59.0,93.7%,82.0,5236.0,48.0,58.5%,63.9,2020
29,30,Matt Gay,LAR,26,K,7,0,,,2.0,2.0,6.0,5.0,7.0,6.0,1.0,1.0,16.0,14.0,51.0,87.5%,16.0,16.0,100.0%,35.0,2234.0,28.0,80.0%,63.8,2020
30,31,Sam Ficken,NYJ,28,K,9,0,,,5.0,5.0,6.0,6.0,1.0,1.0,3.0,1.0,15.0,13.0,54.0,86.7%,15.0,12.0,80.0%,32.0,1975.0,18.0,56.3%,61.7,2020
31,32,Sam Sloman,2TM,23,K,8,0,,,3.0,2.0,6.0,6.0,3.0,2.0,1.0,,13.0,10.0,47.0,76.9%,26.0,23.0,88.5%,44.0,2791.0,24.0,54.5%,63.4,2020
32,33,Sergio Castillo,NYJ,30,K,6,0,,,2.0,1.0,4.0,3.0,5.0,2.0,2.0,2.0,13.0,8.0,55.0,61.5%,7.0,6.0,85.7%,,,,,,2020
33,34,Aldrick Rosas,JAX,26,K,6,0,,,3.0,3.0,2.0,2.0,1.0,,5.0,3.0,11.0,8.0,54.0,72.7%,9.0,9.0,100.0%,20.0,1266.0,15.0,75.0%,63.3,2020
34,35,Austin Seibert,2TM,24,K,5,0,,,,,5.0,5.0,3.0,1.0,1.0,,9.0,6.0,48.0,66.7%,9.0,8.0,88.9%,20.0,1290.0,13.0,65.0%,64.5,2020
35,36,Mike Nugent,ARI,38,K,4,0,,,1.0,1.0,5.0,4.0,2.0,2.0,,,8.0,7.0,43.0,87.5%,7.0,7.0,100.0%,19.0,1202.0,3.0,15.8%,63.3,2020
36,37,Josh Lambo,JAX,30,K,4,0,,,,,2.0,2.0,1.0,1.0,2.0,2.0,5.0,5.0,59.0,100.0%,10.0,8.0,80.0%,5.0,227.0,2.0,40.0%,45.4,2020
37,38,Chase McLaughlin,2TM,24,K,4,0,,,1.0,1.0,1.0,1.0,1.0,1.0,2.0,1.0,5.0,4.0,52.0,80.0%,6.0,5.0,83.3%,3.0,177.0,,,59.0,2020
38,39,Matthew Wright,PIT,24,K,3,0,,,1.0,1.0,1.0,1.0,2.0,2.0,,,4.0,4.0,46.0,100.0%,7.0,7.0,100.0%,15.0,869.0,1.0,6.7%,57.9,2020
39,40,Kai Forbath,LAR,33,K,2,0,,,2.0,2.0,,,1.0,,,,3.0,2.0,23.0,66.7%,5.0,4.0,80.0%,9.0,585.0,4.0,44.4%,65.0,2020
40,41,Tristan Vizcaino,SFO,24,K,1,0,,,,,2.0,2.0,1.0,1.0,,,3.0,3.0,47.0,100.0%,2.0,2.0,100.0%,1.0,65.0,1.0,100.0%,65.0,2020
41,42,Stephen Hauschka,JAX,35,K,1,0,,,1.0,,,,1.0,,,,2.0,,,0.0%,2.0,2.0,100.0%,,,,,,2020
42,43,Jonathan Brown,JAX,28,K,1,0,,,,,2.0,1.0,,,,,2.0,1.0,31.0,50.0%,1.0,1.0,100.0%,1.0,9.0,,,9.0,2020
43,44,Taylor Russolino,DEN,31,K,1,0,,,,,,,,,1.0,,1.0,,,0.0%,3.0,1.0,33.3%,4.0,209.0,,,52.3,2020
44,45,Elliott Fry,ATL,26,K,1,0,,,1.0,1.0,,,,,,,1.0,1.0,23.0,100.0%,2.0,1.0,50.0%,4.0,259.0,2.0,50.0%,64.8,2020
45,46,Jamie Gillan,CLE,23,P,16,0,,,,,,,,,1.0,,1.0,,,0.0%,,,,1.0,55.0,,,55.0,2020
46,47,Brandon Wright,JAX,23,K,1,0,,,,,,,,,,,,,,,2.0,1.0,50.0%,,,,,,2020
47,48,Bradley Pinion,TAM,26,P,16,0,,,,,,,,,,,,,,,,,,100.0,6477.0,85.0,85.0%,64.8,2020
48,49,Ty Long,LAC,27,P,16,0,,,,,,,,,,,,,,,,,,81.0,5187.0,49.0,60.5%,64.0,2020
49,50,Rigoberto Sanchez,IND,26,K,14,0,,,,,,,,,,,,,,,,,,77.0,4803.0,33.0,42.9%,62.4,2020
50,51,Jake Bailey*+,NWE,23,P,16,0,,,,,,,,,,,,,,,,,,72.0,4584.0,42.0,58.3%,63.7,2020
51,52,Mitch Wishnowsky,SFO,28,P,16,0,,,,,,,,,,,,,,,,,,67.0,4229.0,42.0,62.7%,63.1,2020
52,53,Jack Fox*,DET,24,P,16,0,,,,,,,,,,,,,,,,,,60.0,3670.0,19.0,31.7%,61.2,2020
53,54,Logan Cooke,JAX,25,P,14,0,,,,,,,,,,,,,,,,,,46.0,2782.0,25.0,54.3%,60.5,2020
54,55,Braden Mann,NYJ,23,P,16,0,,,,,,,,,,,,,,,,,,28.0,1813.0,16.0,57.1%,64.8,2020
55,56,Sterling Hofrichter,ATL,24,P,16,0,,,,,,,,,,,,,,,,,,22.0,1383.0,16.0,72.7%,62.9,2020
56,57,JK Scott,GNB,25,K,16,0,,,,,,,,,,,,,,,,,,16.0,965.0,4.0,25.0%,60.3,2020
57,58,Bryan Anger,HOU,32,P,16,0,,,,,,,,,,,,,,,,,,2.0,126.0,,,63.0,2020
58,59,Britton Colquitt,MIN,35,P,16,0,,,,,,,,,,,,,,,,,,2.0,105.0,,,52.5,2020
59,60,Michael Dickson,SEA,24,K,16,0,,,,,,,,,,,,,,,,,,2.0,26.0,,,13.0,2020
60,61,Cameron Johnston,PHI,28,P,16,0,,,,,,,,,,,,,,,,,,2.0,118.0,,,59.0,2020
61,62,Chris Jones,DAL,31,P,8,0,,,,,,,,,,,,,,,,,,2.0,116.0,,,58.0,2020
62,63,Andy Lee,ARI,38,P,16,0,,,,,,,,,,,,,,,,,,2.0,121.0,,,60.5,2020
63,64,Sam Martin,DEN,30,P,16,0,,,,,,,,,,,,,,,,,,2.0,114.0,,,57.0,2020
64,65,Tommy Townsend,KAN,24,P,16,0,,,,,,,,,,,,,,,,,,2.0,103.0,,,51.5,2020
65,66,Aaron Brewer,ARI,30,LS,16,0,,,,,,,,,,,,,,,,,,1.0,15.0,,,15.0,2020
66,67,Keelan Cole,JAX,27,WR,16,5,,,,,,,,,,,,,,,,,,1.0,11.0,,,11.0,2020
67,68,Riley Dixon,NYG,27,P,16,0,,,,,,,,,,,,,,,,,,1.0,50.0,,,50.0,2020
68,69,Matt Haack,MIA,26,P,16,0,,,,,,,,,,,,,,,,,,1.0,49.0,,,49.0,2020
69,70,Brett Kern,TEN,34,P,13,0,,,,,,,,,,,,,,,,,,1.0,48.0,,,48.0,2020
70,71,Thomas Morstead,NOR,34,P,16,0,,,,,,,,,,,,,,,,,,1.0,33.0,,,33.0,2020
0,1,Daniel Carlson,LVR,26,K,17,0,,,11.0,10.0,12.0,12.0,13.0,12.0,7.0,6.0,43.0,40.0,56.0,93.0%,33.0,30.0,90.9%,87.0,5560.0,53.0,60.9%,63.9,2021
1,2,Chris Boswell,PIT,30,K,17,0,,,9.0,9.0,9.0,8.0,13.0,11.0,9.0,8.0,40.0,36.0,56.0,90.0%,29.0,27.0,93.1%,86.0,5464.0,40.0,46.5%,63.5,2021
2,3,Nick Folk,NWE,37,K,17,0,,,9.0,9.0,11.0,11.0,11.0,11.0,8.0,5.0,39.0,36.0,53.0,92.3%,47.0,42.0,89.4%,12.0,725.0,3.0,25.0%,60.4,2021
3,4,Greg Joseph,MIN,27,K,17,0,,,8.0,8.0,12.0,11.0,9.0,7.0,9.0,7.0,38.0,33.0,55.0,86.8%,40.0,36.0,90.0%,94.0,6004.0,76.0,80.9%,63.9,2021
4,5,Matt Prater,ARI,37,K,17,0,,,11.0,11.0,11.0,9.0,5.0,3.0,10.0,7.0,37.0,30.0,62.0,81.1%,49.0,47.0,95.9%,97.0,6013.0,73.0,75.3%,62.0,2021
5,6,Justin Tucker*+,BAL,32,K,17,0,,,7.0,7.0,9.0,9.0,15.0,13.0,6.0,6.0,37.0,35.0,66.0,94.6%,32.0,32.0,100.0%,90.0,5443.0,47.0,52.2%,60.5,2021
6,7,Greg Zuerlein,DAL,34,K,16,0,,,5.0,5.0,16.0,15.0,9.0,7.0,5.0,2.0,35.0,29.0,56.0,82.9%,48.0,42.0,87.5%,100.0,6421.0,80.0,80.0%,64.2,2021
7,8,Mason Crosby,GNB,37,K,17,0,,,9.0,9.0,13.0,9.0,8.0,4.0,4.0,3.0,34.0,25.0,54.0,73.5%,51.0,49.0,96.1%,94.0,6030.0,43.0,45.7%,64.1,2021
8,9,Matt Gay*,LAR,27,K,17,0,,,6.0,6.0,15.0,15.0,8.0,7.0,5.0,4.0,34.0,32.0,55.0,94.1%,49.0,48.0,98.0%,102.0,6309.0,65.0,63.7%,61.9,2021
9,10,Dustin Hopkins,2TM,31,K,17,0,1.0,1.0,8.0,8.0,6.0,6.0,14.0,13.0,5.0,2.0,34.0,30.0,50.0,88.2%,44.0,40.0,90.9%,100.0,6298.0,71.0,71.0%,63.0,2021
10,11,Evan McPherson,CIN,22,K,16,0,,,5.0,5.0,8.0,8.0,9.0,6.0,11.0,9.0,33.0,28.0,58.0,84.8%,48.0,46.0,95.8%,91.0,5814.0,55.0,60.4%,63.9,2021
11,12,Jake Elliott*,PHI,26,K,17,0,,,7.0,7.0,10.0,10.0,13.0,10.0,3.0,3.0,33.0,30.0,58.0,90.9%,44.0,44.0,100.0%,96.0,6071.0,61.0,63.5%,63.2,2021
12,13,Graham Gano,NYG,34,K,17,0,,,5.0,5.0,13.0,12.0,5.0,5.0,10.0,7.0,33.0,29.0,55.0,87.9%,17.0,17.0,100.0%,63.0,3901.0,26.0,41.3%,61.9,2021
13,14,Tyler Bass,BUF,24,K,17,0,,,15.0,15.0,8.0,7.0,5.0,4.0,4.0,2.0,32.0,28.0,57.0,87.5%,51.0,51.0,100.0%,99.0,6213.0,56.0,56.6%,62.8,2021
14,15,Randy Bullock,TEN,32,K,16,0,,,5.0,5.0,12.0,12.0,13.0,8.0,1.0,1.0,31.0,26.0,51.0,83.9%,45.0,42.0,93.3%,89.0,5682.0,50.0,56.2%,63.8,2021
15,16,Jason Sanders,MIA,26,K,17,0,,,6.0,6.0,9.0,7.0,10.0,8.0,6.0,2.0,31.0,23.0,51.0,74.2%,35.0,34.0,97.1%,78.0,4969.0,56.0,71.8%,63.7,2021
16,17,Brandon McManus,DEN,30,K,17,0,,,8.0,7.0,6.0,6.0,8.0,8.0,9.0,5.0,31.0,26.0,61.0,83.9%,34.0,33.0,97.1%,78.0,4975.0,62.0,79.5%,63.8,2021
17,18,Ryan Succop,TAM,35,K,17,0,,,11.0,11.0,8.0,7.0,10.0,7.0,1.0,,30.0,25.0,48.0,83.3%,59.0,56.0,94.9%,1.0,16.0,,,16.0,2021
18,19,Cairo Santos,CHI,30,K,17,0,,,10.0,10.0,5.0,5.0,13.0,11.0,2.0,,30.0,26.0,47.0,86.7%,28.0,27.0,96.4%,71.0,4443.0,34.0,47.9%,62.6,2021
19,20,Younghoe Koo,ATL,27,K,17,0,,,8.0,8.0,9.0,9.0,7.0,6.0,5.0,4.0,29.0,27.0,54.0,93.1%,30.0,30.0,100.0%,56.0,3508.0,29.0,51.8%,62.6,2021
20,21,Harrison Butker,KAN,26,K,16,0,,,3.0,3.0,11.0,11.0,5.0,4.0,9.0,7.0,28.0,25.0,56.0,89.3%,49.0,47.0,95.9%,93.0,5853.0,61.0,65.6%,62.9,2021
21,22,Joey Slye,3TM,25,K,12,0,,,9.0,9.0,5.0,5.0,7.0,5.0,4.0,4.0,25.0,23.0,56.0,92.0%,22.0,18.0,81.8%,58.0,3690.0,37.0,63.8%,63.6,2021
22,23,Matthew Wright,JAX,25,K,14,0,,,7.0,7.0,7.0,7.0,4.0,3.0,6.0,4.0,24.0,21.0,56.0,87.5%,15.0,13.0,86.7%,31.0,1883.0,6.0,19.4%,60.7,2021
23,24,Jason Myers,SEA,30,K,17,0,,,2.0,2.0,11.0,9.0,5.0,3.0,5.0,3.0,23.0,17.0,53.0,73.9%,47.0,44.0,93.6%,83.0,5078.0,31.0,37.3%,61.2,2021
24,25,Robbie Gould,SFO,39,K,13,0,,,6.0,6.0,4.0,4.0,9.0,7.0,4.0,3.0,23.0,20.0,52.0,87.0%,40.0,39.0,97.5%,19.0,1203.0,8.0,42.1%,63.3,2021
25,26,Michael Badgley,2TM,26,K,13,0,,,4.0,4.0,7.0,6.0,10.0,8.0,1.0,,22.0,18.0,46.0,81.8%,41.0,40.0,97.6%,5.0,270.0,3.0,60.0%,54.0,2021
26,27,Zane Gonzalez,CAR,26,K,12,0,,,6.0,6.0,1.0,1.0,10.0,10.0,5.0,3.0,22.0,20.0,57.0,90.9%,23.0,22.0,95.7%,55.0,3568.0,35.0,63.6%,64.9,2021
27,28,Chase McLaughlin,CLE,25,K,16,0,,,3.0,3.0,4.0,4.0,10.0,4.0,4.0,4.0,21.0,15.0,57.0,71.4%,37.0,36.0,97.3%,69.0,4347.0,31.0,44.9%,63.0,2021
28,29,Ka'imi Fairbairn,HOU,27,K,13,0,,,4.0,4.0,5.0,5.0,4.0,2.0,6.0,4.0,19.0,15.0,61.0,78.9%,16.0,13.0,81.3%,44.0,2656.0,16.0,36.4%,60.4,2021
29,30,Matt Ammendola,NYJ,25,K,11,0,,,5.0,5.0,6.0,6.0,5.0,2.0,3.0,,19.0,13.0,49.0,68.4%,15.0,14.0,93.3%,47.0,2762.0,27.0,57.4%,58.8,2021
30,31,Brett Maher,NOR,32,K,8,0,,,4.0,4.0,9.0,8.0,4.0,4.0,1.0,,18.0,16.0,42.0,88.9%,12.0,10.0,83.3%,37.0,2245.0,18.0,48.6%,60.7,2021
31,32,Riley Patterson,DET,22,K,7,0,,,3.0,3.0,6.0,6.0,4.0,4.0,1.0,,14.0,13.0,49.0,92.9%,16.0,16.0,100.0%,2.0,14.0,,,7.0,2021
32,33,Rodrigo Blankenship,IND,24,K,5,0,,,3.0,3.0,4.0,3.0,6.0,5.0,1.0,,14.0,11.0,48.0,78.6%,8.0,7.0,87.5%,4.0,208.0,2.0,50.0%,52.0,2021
33,34,Austin Seibert,DET,25,K,6,0,,,,,4.0,4.0,6.0,5.0,2.0,1.0,12.0,10.0,52.0,83.3%,5.0,5.0,100.0%,26.0,1324.0,5.0,19.2%,50.9,2021
34,35,Brian Johnson,2TM,22,K,7,0,,,5.0,5.0,3.0,3.0,1.0,1.0,1.0,1.0,10.0,10.0,52.0,100.0%,13.0,9.0,69.2%,35.0,2143.0,16.0,45.7%,61.2,2021
35,36,Eddy Pineiro,NYJ,26,K,5,0,,,2.0,2.0,2.0,2.0,3.0,3.0,1.0,1.0,8.0,8.0,51.0,100.0%,10.0,9.0,90.0%,,,,,,2021
36,37,Tristan Vizcaino,LAC,25,K,6,0,,,3.0,3.0,2.0,2.0,2.0,1.0,,,7.0,6.0,46.0,85.7%,15.0,10.0,66.7%,31.0,1996.0,13.0,41.9%,64.4,2021
37,38,Aldrick Rosas,2TM,27,K,5,0,,,,,1.0,,2.0,2.0,2.0,,5.0,2.0,44.0,40.0%,14.0,14.0,100.0%,21.0,1357.0,17.0,81.0%,64.6,2021
38,39,Lirim Hajrullahu,2TM,31,K,4,0,,,2.0,2.0,2.0,2.0,1.0,,,,5.0,4.0,35.0,80.0%,8.0,8.0,100.0%,17.0,1100.0,12.0,70.6%,64.7,2021
39,40,Ryan Santoso,2TM,26,P,4,0,,,3.0,3.0,1.0,1.0,1.0,,,,5.0,4.0,35.0,80.0%,8.0,6.0,75.0%,15.0,964.0,12.0,80.0%,64.3,2021
40,41,Elliott Fry,2TM,27,K,2,0,,,,,4.0,3.0,1.0,1.0,,,5.0,4.0,44.0,80.0%,5.0,4.0,80.0%,12.0,706.0,6.0,50.0%,58.8,2021
41,42,Chris Blewitt,WAS,26,K,2,0,,,,,,,4.0,1.0,1.0,1.0,5.0,2.0,52.0,40.0%,2.0,2.0,100.0%,6.0,335.0,5.0,83.3%,55.8,2021
42,43,Josh Lambo,JAX,31,K,3,0,,,,,,,1.0,,2.0,,3.0,,,0.0%,7.0,5.0,71.4%,10.0,595.0,7.0,70.0%,59.5,2021
43,44,Dominik Eberle,HOU,25,K,1,0,,,1.0,1.0,,,,,2.0,1.0,3.0,2.0,51.0,66.7%,5.0,5.0,100.0%,8.0,504.0,3.0,37.5%,63.0,2021
44,45,Mitch Wishnowsky,SFO,29,P,17,0,,,,,,,1.0,,,,1.0,,,0.0%,2.0,1.0,50.0%,56.0,3487.0,21.0,37.5%,62.3,2021
45,46,Chris Naggar,CLE,24,K,1,0,,,,,1.0,1.0,,,,,1.0,1.0,37.0,100.0%,2.0,1.0,50.0%,5.0,317.0,3.0,60.0%,63.4,2021
46,47,Bradley Pinion,TAM,27,P,15,0,,,,,,,,,1.0,,1.0,,,0.0%,,,,89.0,5756.0,71.0,79.8%,64.7,2021
47,48,Cody Parkey,NOR,29,K,1,0,,,,,,,,,,,,,,,5.0,3.0,60.0%,3.0,195.0,1.0,33.3%,65.0,2021
48,49,Alex Kessman,NYJ,23,K,1,0,,,,,,,,,,,,,,,2.0,,0.0%,4.0,246.0,1.0,25.0%,61.5,2021
49,50,Jake Bailey,NWE,24,P,17,0,,,,,,,,,,,,,,,,,,90.0,5706.0,42.0,46.7%,63.4,2021
50,51,Rigoberto Sanchez,IND,27,K,17,0,,,,,,,,,,,,,,,,,,89.0,5687.0,44.0,49.4%,63.9,2021
51,52,Jack Fox,DET,25,P,17,0,,,,,,,,,,,,,,,,,,35.0,2209.0,19.0,54.3%,63.1,2021
52,53,Braden Mann,NYJ,24,P,10,0,,,,,,,,,,,,,,,,,,22.0,1426.0,20.0,90.9%,64.8,2021
53,54,Logan Cooke,JAX,26,P,15,0,,,,,,,,,,,,,,,,,,21.0,1289.0,9.0,42.9%,61.4,2021
54,55,Cameron Nizialek,ATL,26,P,4,0,,,,,,,,,,,,,,,,,,15.0,946.0,6.0,40.0%,63.1,2021
55,56,Sterling Hofrichter,TAM,25,P,2,0,,,,,,,,,,,,,,,,,,14.0,894.0,6.0,42.9%,63.9,2021
56,57,Riley Dixon,NYG,28,P,17,0,,,,,,,,,,,,,,,,,,5.0,102.0,,,20.4,2021
57,58,Brandon Zylstra,CAR,28,WR,13,3,,,,,,,,,,,,,,,,,,3.0,146.0,,,48.7,2021
58,59,Blake Gillikin,NOR,23,P,17,0,,,,,,,,,,,,,,,,,,2.0,130.0,2.0,100.0%,65.0,2021
59,60,Pressley Harvin III,PIT,23,P,15,0,,,,,,,,,,,,,,,,,,2.0,101.0,,,50.5,2021
60,61,Tress Way,WAS,31,P,16,0,,,,,,,,,,,,,,,,,,2.0,124.0,,,62.0,2021
61,62,Ryan Winslow,3TM,27,P,4,0,,,,,,,,,,,,,,,,,,2.0,130.0,,,65.0,2021
62,63,Matt Haack,BUF,27,P,17,0,,,,,,,,,,,,,,,,,,1.0,53.0,,,53.0,2021
63,64,Michael Palardy,MIA,29,P,17,0,,,,,,,,,,,,,,,,,,1.0,58.0,,,58.0,2021
64,65,Arryn Siposs,PHI,29,P,17,0,,,,,,,,,,,,,,,,,,1.0,58.0,,,58.0,2021
0,1,Justin Tucker*,BAL,33,K,17,0,,,13.0,13.0,11.0,11.0,5.0,4.0,14.0,9.0,43.0,37.0,58.0,86.0%,32.0,31.0,96.9%,86.0,5449.0,60.0,69.8%,63.4,2022
1,2,Ryan Succop,TAM,36,K,17,0,,,11.0,10.0,8.0,7.0,12.0,12.0,7.0,2.0,38.0,31.0,54.0,81.6%,25.0,24.0,96.0%,,,,,,2022
2,3,Jason Myers*,SEA,31,K,17,0,,,9.0,9.0,16.0,15.0,6.0,4.0,6.0,6.0,37.0,34.0,56.0,91.9%,42.0,41.0,97.6%,93.0,5839.0,54.0,58.1%,62.8,2022
3,4,Daniel Carlson+,LVR,27,K,17,0,,,9.0,9.0,11.0,11.0,4.0,3.0,13.0,11.0,37.0,34.0,57.0,91.9%,36.0,35.0,97.2%,90.0,5548.0,57.0,63.3%,61.6,2022
4,5,Nick Folk,NWE,38,K,17,0,1.0,1.0,9.0,9.0,8.0,8.0,14.0,10.0,5.0,4.0,37.0,32.0,54.0,86.5%,35.0,32.0,91.4%,33.0,1953.0,3.0,9.1%,59.2,2022
5,6,Younghoe Koo,ATL,28,K,17,0,,,9.0,9.0,7.0,7.0,10.0,9.0,11.0,7.0,37.0,32.0,54.0,86.5%,35.0,33.0,94.3%,,,,,,2022
6,7,Greg Zuerlein,NYJ,35,K,17,0,,,5.0,5.0,10.0,10.0,11.0,9.0,11.0,6.0,37.0,30.0,60.0,81.1%,29.0,28.0,96.6%,56.0,3590.0,47.0,83.9%,64.1,2022
7,8,Brandon McManus,DEN,31,K,17,0,,,7.0,6.0,6.0,4.0,10.0,10.0,13.0,8.0,36.0,28.0,55.0,77.8%,27.0,25.0,92.6%,73.0,4580.0,51.0,69.9%,62.7,2022
8,9,Chase McLaughlin,IND,26,K,16,0,,,7.0,7.0,6.0,5.0,11.0,9.0,12.0,9.0,36.0,30.0,54.0,83.3%,21.0,21.0,100.0%,72.0,4682.0,38.0,52.8%,65.0,2022
9,10,Riley Patterson,JAX,23,K,17,0,,,8.0,8.0,11.0,10.0,13.0,10.0,3.0,2.0,35.0,30.0,53.0,85.7%,37.0,36.0,97.3%,88.0,5492.0,44.0,50.0%,62.4,2022
10,11,Eddy Pineiro,CAR,27,K,17,0,,,2.0,2.0,17.0,16.0,14.0,13.0,2.0,2.0,35.0,33.0,54.0,94.3%,32.0,30.0,93.8%,83.0,5146.0,46.0,55.4%,62.0,2022
11,12,Greg Joseph,MIN,28,K,17,0,,,10.0,10.0,5.0,5.0,8.0,7.0,10.0,4.0,33.0,26.0,61.0,78.8%,46.0,40.0,87.0%,89.0,5639.0,54.0,60.7%,63.4,2022
12,13,Brett Maher,DAL,33,K,17,0,,,9.0,9.0,5.0,5.0,7.0,6.0,11.0,9.0,32.0,29.0,60.0,90.6%,53.0,50.0,94.3%,100.0,6506.0,78.0,78.0%,65.1,2022
13,14,Robbie Gould,SFO,40,K,17,0,,,14.0,13.0,5.0,5.0,11.0,7.0,2.0,2.0,32.0,27.0,51.0,84.4%,51.0,50.0,98.0%,95.0,5983.0,47.0,49.5%,63.0,2022
14,15,Jason Sanders,MIA,27,K,17,0,,,6.0,5.0,7.0,7.0,13.0,12.0,6.0,2.0,32.0,26.0,55.0,81.3%,44.0,41.0,93.2%,88.0,5486.0,61.0,69.3%,62.3,2022
15,16,Cade York,CLE,21,K,17,0,,,5.0,5.0,12.0,9.0,8.0,6.0,7.0,4.0,32.0,24.0,58.0,75.0%,37.0,35.0,94.6%,81.0,5032.0,50.0,61.7%,62.1,2022
16,17,Graham Gano,NYG,35,K,17,0,,,2.0,2.0,10.0,9.0,11.0,10.0,9.0,8.0,32.0,29.0,57.0,90.6%,34.0,32.0,94.1%,84.0,5117.0,50.0,59.5%,60.9,2022
17,18,Tyler Bass,BUF,25,K,16,0,,,4.0,4.0,13.0,11.0,11.0,10.0,3.0,2.0,31.0,27.0,56.0,87.1%,50.0,48.0,96.0%,92.0,5759.0,43.0,46.7%,62.6,2022
18,19,Wil Lutz,NOR,28,K,17,0,,,6.0,6.0,11.0,9.0,8.0,4.0,6.0,4.0,31.0,23.0,60.0,74.2%,33.0,33.0,100.0%,75.0,4554.0,48.0,64.0%,60.7,2022
19,20,Ka'imi Fairbairn,HOU,28,K,17,0,,,7.0,7.0,8.0,7.0,10.0,9.0,6.0,6.0,31.0,29.0,56.0,93.5%,24.0,24.0,100.0%,75.0,4564.0,33.0,44.0%,60.9,2022
20,21,Matt Gay,LAR,28,K,17,0,,,9.0,9.0,8.0,8.0,4.0,4.0,9.0,7.0,30.0,28.0,58.0,93.3%,32.0,31.0,96.9%,77.0,4843.0,61.0,79.2%,62.9,2022
21,22,Joey Slye,WAS,26,K,17,0,1.0,1.0,8.0,8.0,5.0,4.0,10.0,8.0,6.0,4.0,30.0,25.0,58.0,83.3%,28.0,24.0,85.7%,77.0,4802.0,60.0,77.9%,62.4,2022
22,23,Evan McPherson,CIN,23,K,16,0,1.0,1.0,6.0,5.0,4.0,4.0,13.0,9.0,5.0,5.0,29.0,24.0,59.0,82.8%,44.0,40.0,90.9%,90.0,5604.0,51.0,56.7%,62.3,2022
23,24,Mason Crosby,GNB,38,K,17,0,,,10.0,10.0,8.0,8.0,7.0,6.0,4.0,1.0,29.0,25.0,56.0,86.2%,39.0,37.0,94.9%,74.0,4494.0,15.0,20.3%,60.7,2022
24,25,Michael Badgley,2TM,27,K,13,0,,,7.0,6.0,7.0,7.0,11.0,9.0,3.0,2.0,28.0,24.0,53.0,85.7%,33.0,33.0,100.0%,5.0,195.0,1.0,20.0%,39.0,2022
25,26,Chris Boswell,PIT,31,K,12,0,,,4.0,4.0,5.0,4.0,10.0,5.0,9.0,7.0,28.0,20.0,59.0,71.4%,18.0,18.0,100.0%,50.0,3073.0,21.0,42.0%,61.5,2022
26,27,Matt Prater,ARI,38,K,13,0,,,1.0,1.0,10.0,10.0,8.0,6.0,6.0,5.0,25.0,22.0,57.0,88.0%,18.0,17.0,94.4%,49.0,3098.0,34.0,69.4%,63.2,2022
27,28,Harrison Butker,KAN,27,K,13,0,,,7.0,7.0,5.0,4.0,5.0,4.0,7.0,3.0,24.0,18.0,62.0,75.0%,41.0,38.0,92.7%,68.0,4378.0,44.0,64.7%,64.4,2022
28,29,Jake Elliott,PHI,27,K,16,0,,,6.0,6.0,9.0,8.0,2.0,1.0,6.0,5.0,23.0,20.0,56.0,87.0%,53.0,51.0,96.2%,91.0,5893.0,63.0,69.2%,64.8,2022
29,30,Cairo Santos,CHI,31,K,16,0,,,4.0,4.0,7.0,7.0,7.0,6.0,5.0,4.0,23.0,21.0,51.0,91.3%,32.0,27.0,84.4%,49.0,3076.0,28.0,57.1%,62.8,2022
30,31,Cameron Dicker,2TM,22,K,11,0,,,7.0,7.0,7.0,7.0,7.0,7.0,1.0,,22.0,21.0,48.0,95.5%,24.0,24.0,100.0%,55.0,3519.0,46.0,83.6%,64.0,2022
31,32,Randy Bullock,TEN,33,K,15,0,,,5.0,5.0,5.0,5.0,8.0,6.0,2.0,1.0,20.0,17.0,51.0,85.0%,28.0,28.0,100.0%,56.0,3539.0,31.0,55.4%,63.2,2022
32,33,Matthew Wright,2TM,26,K,6,0,,,1.0,1.0,7.0,6.0,8.0,6.0,2.0,2.0,18.0,15.0,59.0,83.3%,15.0,15.0,100.0%,36.0,2244.0,15.0,41.7%,62.3,2022
33,34,Dustin Hopkins,LAC,32,K,5,0,,,2.0,2.0,6.0,6.0,2.0,1.0,,,10.0,9.0,43.0,90.0%,12.0,12.0,100.0%,19.0,1175.0,17.0,89.5%,61.8,2022
34,35,Matt Ammendola,2TM,26,K,4,0,1.0,1.0,3.0,3.0,2.0,1.0,1.0,,,,7.0,5.0,31.0,71.4%,7.0,5.0,71.4%,16.0,1022.0,12.0,75.0%,63.9,2022
35,36,Austin Seibert,DET,26,K,3,0,,,,,1.0,1.0,3.0,2.0,1.0,,5.0,3.0,48.0,60.0%,12.0,12.0,100.0%,18.0,1096.0,3.0,16.7%,60.9,2022
36,37,Rodrigo Blankenship,2TM,25,K,3,0,,,2.0,2.0,,,2.0,1.0,1.0,1.0,5.0,4.0,50.0,80.0%,5.0,4.0,80.0%,20.0,1303.0,17.0,85.0%,65.2,2022
37,38,Caleb Shudak,TEN,25,K,1,0,,,1.0,1.0,3.0,2.0,,,,,4.0,3.0,38.0,75.0%,1.0,1.0,100.0%,5.0,315.0,4.0,80.0%,63.0,2022
38,39,Taylor Bertolet,LAC,30,K,2,0,,,3.0,3.0,,,,,,,3.0,3.0,28.0,100.0%,6.0,6.0,100.0%,11.0,630.0,5.0,45.5%,57.3,2022
39,40,Tristan Vizcaino,2TM,26,,3,0,,,,,1.0,1.0,1.0,1.0,,,2.0,2.0,46.0,100.0%,3.0,3.0,100.0%,12.0,740.0,4.0,33.3%,61.7,2022
40,41,Nick Sciba,PIT,23,K,1,0,,,1.0,1.0,1.0,1.0,,,,,2.0,2.0,38.0,100.0%,1.0,1.0,100.0%,4.0,232.0,,,58.0,2022
41,42,Dominik Eberle,DET,26,K,1,0,,,,,,,1.0,1.0,,,1.0,1.0,49.0,100.0%,4.0,2.0,50.0%,7.0,361.0,5.0,71.4%,51.6,2022
42,43,Josh Lambo,TEN,32,K,1,0,,,,,,,,,,,,,,,4.0,3.0,75.0%,5.0,307.0,,,61.4,2022
43,44,Justin Reid,KAN,25,S,17,17,,,,,,,,,,,,,,,2.0,1.0,50.0%,7.0,445.0,5.0,71.4%,63.6,2022
44,45,Mitch Wishnowsky,SFO,30,P,17,0,,,,,,,,,,,,,,,2.0,1.0,50.0%,4.0,240.0,,,60.0,2022
45,46,Bradley Pinion,ATL,28,P,17,0,,,,,,,,,,,,,,,,,,80.0,5143.0,59.0,73.8%,64.3,2022
46,47,Jake Camarda,TAM,23,P,17,0,,,,,,,,,,,,,,,,,,78.0,4859.0,40.0,51.3%,62.3,2022
47,48,Jack Fox,DET,26,P,17,0,,,,,,,,,,,,,,,,,,63.0,4077.0,45.0,71.4%,64.7,2022
48,49,Jake Bailey,NWE,25,P,9,0,,,,,,,,,,,,,,,,,,46.0,2949.0,28.0,60.9%,64.1,2022
49,50,Trenton Gill,CHI,23,P,17,0,,,,,,,,,,,,,,,,,,27.0,1743.0,13.0,48.1%,64.6,2022
50,51,Braden Mann,NYJ,25,P,17,0,,,,,,,,,,,,,,,,,,17.0,855.0,11.0,64.7%,50.3,2022
51,52,Ramiz Ahmed,GNB,27,K,1,0,,,,,,,,,,,,,,,,,,6.0,370.0,3.0,50.0%,61.7,2022
52,53,JK Scott,LAC,27,P,17,0,,,,,,,,,,,,,,,,,,6.0,387.0,5.0,83.3%,64.5,2022
53,54,Eno Benjamin,3TM,23,,15,3,,,,,,,,,,,,,,,,,,3.0,158.0,,,52.7,2022
54,55,Ryan Stonehouse,TEN,23,P,17,0,,,,,,,,,,,,,,,,,,3.0,180.0,2.0,66.7%,60.0,2022
55,56,Thomas Morstead,MIA,36,P,17,0,,,,,,,,,,,,,,,,,,2.0,147.0,,,73.5,2022
56,57,Corey Bojorquez,CLE,26,P,17,0,,,,,,,,,,,,,,,,,,1.0,79.0,,,79.0,2022
57,58,Logan Cooke,JAX,27,P,17,0,,,,,,,,,,,,,,,,,,1.0,45.0,,,45.0,2022
58,59,Michael Dickson,SEA,26,P,17,0,,,,,,,,,,,,,,,,,,1.0,65.0,,,65.0,2022
59,60,Riley Dixon,LAR,29,P,17,0,,,,,,,,,,,,,,,,,,1.0,43.0,,,43.0,2022
60,61,Jamie Gillan,NYG,25,P,17,0,,,,,,,,,,,,,,,,,,1.0,57.0,,,57.0,2022
61,62,Johnny Hekker,CAR,32,P,17,0,,,,,,,,,,,,,,,,,,1.0,8.0,,,8.0,2022
62,63,Sam Martin,BUF,32,P,16,0,,,,,,,,,,,,,,,,,,1.0,63.0,,,63.0,2022
63,64,Arryn Siposs,PHI,30,P,13,0,,,,,,,,,,,,,,,,,,1.0,70.0,,,70.0,2022
64,65,Tress Way*,WAS,32,P,17,0,,,,,,,,,,,,,,,,,,1.0,63.0,,,63.0,2022
